{
    "Hotkeys": {
        "Cursor Key": 88,
        "Cursor Key Info": "X",
        "Cursor Key Toggle": true,
        "Teleport Key": 116,
        "Teleport Key Info": "F5",
        "Teleport Key Toggle": true,
        "Cmd Key": 84,
        "Cmd Key Info": "T",
        "Cmd Key Toggle": true,
        "Vehicle Weapon Key": 69,
        "Vehicle Weapon Key Info": "E",
        "Vehicle Plane Smoke Key": 86,
        "Vehicle Plane Smoke Key Info": "V",
        "Fix Vehicle Key Toggle": true,
        "Creator Key Toggle": true
    }
}