<?xml version="1.0" encoding="ISO-8859-1"?>
<Vehicle menyoo_ver="1.4.0">
	<ModelHash>0x0350d1ab</ModelHash>
	<InitialHandle>136218</InitialHandle>
	<VehicleProperties>
		<Colours>
			<Primary>0</Primary>
			<Secondary>0</Secondary>
			<Pearl>3</Pearl>
			<Rim>156</Rim>
			<Mod1_a>6</Mod1_a>
			<Mod1_b>-1</Mod1_b>
			<Mod1_c>-1</Mod1_c>
			<Mod2_a>6</Mod2_a>
			<Mod2_b>-1</Mod2_b>
			<IsPrimaryColourCustom>false</IsPrimaryColourCustom>
			<IsSecondaryColourCustom>false</IsSecondaryColourCustom>
			<tyreSmoke_R>255</tyreSmoke_R>
			<tyreSmoke_G>255</tyreSmoke_G>
			<tyreSmoke_B>255</tyreSmoke_B>
			<LrInterior>0</LrInterior>
			<LrDashboard>0</LrDashboard>
			<LrXenonHeadlights>255</LrXenonHeadlights>
		</Colours>
		<Livery>-1</Livery>
		<NumberPlateText>40TFE917</NumberPlateText>
		<NumberPlateIndex>3</NumberPlateIndex>
		<WheelType>6</WheelType>
		<WheelsInvisible>false</WheelsInvisible>
		<EngineSoundName></EngineSoundName>
		<WindowTint>-1</WindowTint>
		<BulletProofTyres>false</BulletProofTyres>
		<DirtLevel>4.19553947</DirtLevel>
		<PaintFade>0.196078449</PaintFade>
		<RoofState>0</RoofState>
		<SirenActive>false</SirenActive>
		<EngineOn>true</EngineOn>
		<EngineHealth>1000</EngineHealth>
		<LightsOn>false</LightsOn>
		<IsRadioLoud>0</IsRadioLoud>
		<LockStatus>1</LockStatus>
		<Neons>
			<Left>false</Left>
			<Right>false</Right>
			<Front>false</Front>
			<Back>false</Back>
			<R>255</R>
			<G>0</G>
			<B>255</B>
		</Neons>
		<ModExtras />
		<Mods>
			<_0>-1,0</_0>
			<_1>-1,0</_1>
			<_2>-1,0</_2>
			<_3>-1,0</_3>
			<_4>-1,0</_4>
			<_5>-1,0</_5>
			<_6>-1,0</_6>
			<_7>-1,0</_7>
			<_8>-1,0</_8>
			<_9>-1,0</_9>
			<_10>-1,0</_10>
			<_11>3,0</_11>
			<_12>2,0</_12>
			<_13>2,0</_13>
			<_14>-1,0</_14>
			<_15>-1,0</_15>
			<_16>4,0</_16>
			<_17>false</_17>
			<_18>true</_18>
			<_19>false</_19>
			<_20>false</_20>
			<_21>false</_21>
			<_22>false</_22>
			<_23>-1,0</_23>
			<_24>-1,0</_24>
			<_25>-1,0</_25>
			<_26>-1,0</_26>
			<_27>-1,0</_27>
			<_28>-1,0</_28>
			<_29>-1,0</_29>
			<_30>-1,0</_30>
			<_31>-1,0</_31>
			<_32>-1,0</_32>
			<_33>-1,0</_33>
			<_34>-1,0</_34>
			<_35>-1,0</_35>
			<_36>-1,0</_36>
			<_37>-1,0</_37>
			<_38>-1,0</_38>
			<_39>-1,0</_39>
			<_40>-1,0</_40>
			<_41>-1,0</_41>
			<_42>-1,0</_42>
			<_43>-1,0</_43>
			<_44>-1,0</_44>
			<_45>-1,0</_45>
			<_46>-1,0</_46>
			<_47>-1,0</_47>
			<_48>-1,0</_48>
		</Mods>
		<DoorsOpen>
			<BackLeftDoor>false</BackLeftDoor>
			<BackRightDoor>false</BackRightDoor>
			<FrontLeftDoor>false</FrontLeftDoor>
			<FrontRightDoor>false</FrontRightDoor>
			<Hood>false</Hood>
			<Trunk>false</Trunk>
			<Trunk2>false</Trunk2>
		</DoorsOpen>
		<DoorsBroken>
			<BackLeftDoor>false</BackLeftDoor>
			<BackRightDoor>false</BackRightDoor>
			<FrontLeftDoor>false</FrontLeftDoor>
			<FrontRightDoor>false</FrontRightDoor>
			<Hood>false</Hood>
			<Trunk>false</Trunk>
			<Trunk2>false</Trunk2>
		</DoorsBroken>
		<TyresBursted>
			<FrontLeft>false</FrontLeft>
			<FrontRight>false</FrontRight>
			<_2>false</_2>
			<_3>false</_3>
			<BackLeft>false</BackLeft>
			<BackRight>false</BackRight>
			<_6>false</_6>
			<_7>false</_7>
			<_8>false</_8>
		</TyresBursted>
	</VehicleProperties>
	<OpacityLevel>255</OpacityLevel>
	<LodDistance>500</LodDistance>
	<IsVisible>true</IsVisible>
	<IsDriverVisible>true</IsDriverVisible>
	<MaxHealth>1000</MaxHealth>
	<Health>1000</Health>
	<HasGravity>true</HasGravity>
	<IsOnFire>false</IsOnFire>
	<IsInvincible>false</IsInvincible>
	<IsBulletProof>false</IsBulletProof>
	<IsExplosionProof>false</IsExplosionProof>
	<IsFireProof>false</IsFireProof>
	<IsMeleeProof>false</IsMeleeProof>
	<IsOnlyDamagedByPlayer>false</IsOnlyDamagedByPlayer>
	<SpoonerAttachments SetAttachmentsPersistentAndAddToSpoonerDatabase="false" StartTaskSequencesOnLoad="true">
		<Attachment>
			<ModelHash>0x98ee1acd</ModelHash>
			<Type>3</Type>
			<Dynamic>false</Dynamic>
			<FrozenPos>true</FrozenPos>
			<HashName>prop_cs_hotdog_01</HashName>
			<InitialHandle>141385</InitialHandle>
			<ObjectProperties>
				<TextureVariation>0</TextureVariation>
			</ObjectProperties>
			<OpacityLevel>255</OpacityLevel>
			<LodDistance>16960</LodDistance>
			<IsVisible>true</IsVisible>
			<MaxHealth>1000</MaxHealth>
			<Health>1000</Health>
			<HasGravity>true</HasGravity>
			<IsOnFire>false</IsOnFire>
			<IsInvincible>true</IsInvincible>
			<IsBulletProof>false</IsBulletProof>
			<IsCollisionProof>false</IsCollisionProof>
			<IsExplosionProof>true</IsExplosionProof>
			<IsFireProof>false</IsFireProof>
			<IsMeleeProof>true</IsMeleeProof>
			<IsOnlyDamagedByPlayer>false</IsOnlyDamagedByPlayer>
			<PositionRotation>
				<X>-1633.42725</X>
				<Y>-2976.34058</Y>
				<Z>13.127758</Z>
				<Pitch>1.24863768</Pitch>
				<Roll>-15.0174828</Roll>
				<Yaw>-119.824394</Yaw>
			</PositionRotation>
			<Attachment isAttached="true">
				<AttachedTo>136218</AttachedTo>
				<BoneIndex>0</BoneIndex>
				<X>-0.159999996</X>
				<Y>-0.47999981</Y>
				<Z>-0.240000039</Z>
				<Pitch>0</Pitch>
				<Roll>0</Roll>
				<Yaw>0</Yaw>
			</Attachment>
		</Attachment>
		<Attachment>
			<ModelHash>0x98ee1acd</ModelHash>
			<Type>3</Type>
			<Dynamic>false</Dynamic>
			<FrozenPos>true</FrozenPos>
			<HashName>prop_cs_hotdog_01</HashName>
			<InitialHandle>42255</InitialHandle>
			<ObjectProperties>
				<TextureVariation>0</TextureVariation>
			</ObjectProperties>
			<OpacityLevel>255</OpacityLevel>
			<LodDistance>16960</LodDistance>
			<IsVisible>true</IsVisible>
			<MaxHealth>1000</MaxHealth>
			<Health>1000</Health>
			<HasGravity>true</HasGravity>
			<IsOnFire>false</IsOnFire>
			<IsInvincible>true</IsInvincible>
			<IsBulletProof>false</IsBulletProof>
			<IsCollisionProof>false</IsCollisionProof>
			<IsExplosionProof>true</IsExplosionProof>
			<IsFireProof>false</IsFireProof>
			<IsMeleeProof>true</IsMeleeProof>
			<IsOnlyDamagedByPlayer>false</IsOnlyDamagedByPlayer>
			<PositionRotation>
				<X>-1633.42065</X>
				<Y>-2976.32666</Y>
				<Z>13.1856947</Z>
				<Pitch>1.24863768</Pitch>
				<Roll>-15.0174828</Roll>
				<Yaw>-119.824394</Yaw>
			</PositionRotation>
			<Attachment isAttached="true">
				<AttachedTo>136218</AttachedTo>
				<BoneIndex>0</BoneIndex>
				<X>-0.159999996</X>
				<Y>-0.47999981</Y>
				<Z>-0.180000007</Z>
				<Pitch>0</Pitch>
				<Roll>0</Roll>
				<Yaw>0</Yaw>
			</Attachment>
		</Attachment>
		<Attachment>
			<ModelHash>0x98ee1acd</ModelHash>
			<Type>3</Type>
			<Dynamic>false</Dynamic>
			<FrozenPos>true</FrozenPos>
			<HashName>prop_cs_hotdog_01</HashName>
			<InitialHandle>131859</InitialHandle>
			<ObjectProperties>
				<TextureVariation>0</TextureVariation>
			</ObjectProperties>
			<OpacityLevel>255</OpacityLevel>
			<LodDistance>16960</LodDistance>
			<IsVisible>true</IsVisible>
			<MaxHealth>1000</MaxHealth>
			<Health>1000</Health>
			<HasGravity>true</HasGravity>
			<IsOnFire>false</IsOnFire>
			<IsInvincible>true</IsInvincible>
			<IsBulletProof>false</IsBulletProof>
			<IsCollisionProof>false</IsCollisionProof>
			<IsExplosionProof>true</IsExplosionProof>
			<IsFireProof>false</IsFireProof>
			<IsMeleeProof>true</IsMeleeProof>
			<IsOnlyDamagedByPlayer>false</IsOnlyDamagedByPlayer>
			<PositionRotation>
				<X>-1633.41394</X>
				<Y>-2976.3125</Y>
				<Z>13.2436323</Z>
				<Pitch>1.24863768</Pitch>
				<Roll>-15.0174828</Roll>
				<Yaw>-119.824394</Yaw>
			</PositionRotation>
			<Attachment isAttached="true">
				<AttachedTo>136218</AttachedTo>
				<BoneIndex>0</BoneIndex>
				<X>-0.159999996</X>
				<Y>-0.47999981</Y>
				<Z>-0.119999982</Z>
				<Pitch>0</Pitch>
				<Roll>0</Roll>
				<Yaw>0</Yaw>
			</Attachment>
		</Attachment>
		<Attachment>
			<ModelHash>0x98ee1acd</ModelHash>
			<Type>3</Type>
			<Dynamic>false</Dynamic>
			<FrozenPos>true</FrozenPos>
			<HashName>prop_cs_hotdog_01</HashName>
			<InitialHandle>100922</InitialHandle>
			<ObjectProperties>
				<TextureVariation>0</TextureVariation>
			</ObjectProperties>
			<OpacityLevel>255</OpacityLevel>
			<LodDistance>16960</LodDistance>
			<IsVisible>true</IsVisible>
			<MaxHealth>1000</MaxHealth>
			<Health>1000</Health>
			<HasGravity>true</HasGravity>
			<IsOnFire>false</IsOnFire>
			<IsInvincible>true</IsInvincible>
			<IsBulletProof>false</IsBulletProof>
			<IsCollisionProof>false</IsCollisionProof>
			<IsExplosionProof>true</IsExplosionProof>
			<IsFireProof>false</IsFireProof>
			<IsMeleeProof>true</IsMeleeProof>
			<IsOnlyDamagedByPlayer>false</IsOnlyDamagedByPlayer>
			<PositionRotation>
				<X>-1633.40735</X>
				<Y>-2976.29834</Y>
				<Z>13.301569</Z>
				<Pitch>1.24863768</Pitch>
				<Roll>-15.0174828</Roll>
				<Yaw>-119.824394</Yaw>
			</PositionRotation>
			<Attachment isAttached="true">
				<AttachedTo>136218</AttachedTo>
				<BoneIndex>0</BoneIndex>
				<X>-0.159999996</X>
				<Y>-0.47999981</Y>
				<Z>-0.0599999949</Z>
				<Pitch>0</Pitch>
				<Roll>0</Roll>
				<Yaw>0</Yaw>
			</Attachment>
		</Attachment>
		<Attachment>
			<ModelHash>0x98ee1acd</ModelHash>
			<Type>3</Type>
			<Dynamic>false</Dynamic>
			<FrozenPos>true</FrozenPos>
			<HashName>prop_cs_hotdog_01</HashName>
			<InitialHandle>10758</InitialHandle>
			<ObjectProperties>
				<TextureVariation>0</TextureVariation>
			</ObjectProperties>
			<OpacityLevel>255</OpacityLevel>
			<LodDistance>16960</LodDistance>
			<IsVisible>true</IsVisible>
			<MaxHealth>1000</MaxHealth>
			<Health>1000</Health>
			<HasGravity>true</HasGravity>
			<IsOnFire>false</IsOnFire>
			<IsInvincible>true</IsInvincible>
			<IsBulletProof>false</IsBulletProof>
			<IsCollisionProof>false</IsCollisionProof>
			<IsExplosionProof>true</IsExplosionProof>
			<IsFireProof>false</IsFireProof>
			<IsMeleeProof>true</IsMeleeProof>
			<IsOnlyDamagedByPlayer>false</IsOnlyDamagedByPlayer>
			<PositionRotation>
				<X>-1633.40076</X>
				<Y>-2976.28418</Y>
				<Z>13.3595057</Z>
				<Pitch>1.24863768</Pitch>
				<Roll>-15.0174828</Roll>
				<Yaw>-119.824394</Yaw>
			</PositionRotation>
			<Attachment isAttached="true">
				<AttachedTo>136218</AttachedTo>
				<BoneIndex>0</BoneIndex>
				<X>-0.159999996</X>
				<Y>-0.47999981</Y>
				<Z>0</Z>
				<Pitch>0</Pitch>
				<Roll>0</Roll>
				<Yaw>0</Yaw>
			</Attachment>
		</Attachment>
		<Attachment>
			<ModelHash>0x98ee1acd</ModelHash>
			<Type>3</Type>
			<Dynamic>false</Dynamic>
			<FrozenPos>true</FrozenPos>
			<HashName>prop_cs_hotdog_01</HashName>
			<InitialHandle>19996</InitialHandle>
			<ObjectProperties>
				<TextureVariation>0</TextureVariation>
			</ObjectProperties>
			<OpacityLevel>255</OpacityLevel>
			<LodDistance>16960</LodDistance>
			<IsVisible>true</IsVisible>
			<MaxHealth>1000</MaxHealth>
			<Health>1000</Health>
			<HasGravity>true</HasGravity>
			<IsOnFire>false</IsOnFire>
			<IsInvincible>true</IsInvincible>
			<IsBulletProof>false</IsBulletProof>
			<IsCollisionProof>false</IsCollisionProof>
			<IsExplosionProof>true</IsExplosionProof>
			<IsFireProof>false</IsFireProof>
			<IsMeleeProof>true</IsMeleeProof>
			<IsOnlyDamagedByPlayer>false</IsOnlyDamagedByPlayer>
			<PositionRotation>
				<X>-1633.39404</X>
				<Y>-2976.27002</Y>
				<Z>13.4174433</Z>
				<Pitch>1.24863768</Pitch>
				<Roll>-15.0174828</Roll>
				<Yaw>-119.824394</Yaw>
			</PositionRotation>
			<Attachment isAttached="true">
				<AttachedTo>136218</AttachedTo>
				<BoneIndex>0</BoneIndex>
				<X>-0.159999996</X>
				<Y>-0.47999981</Y>
				<Z>0.0599999949</Z>
				<Pitch>0</Pitch>
				<Roll>0</Roll>
				<Yaw>0</Yaw>
			</Attachment>
		</Attachment>
		<Attachment>
			<ModelHash>0x98ee1acd</ModelHash>
			<Type>3</Type>
			<Dynamic>false</Dynamic>
			<FrozenPos>true</FrozenPos>
			<HashName>prop_cs_hotdog_01</HashName>
			<InitialHandle>119818</InitialHandle>
			<ObjectProperties>
				<TextureVariation>0</TextureVariation>
			</ObjectProperties>
			<OpacityLevel>255</OpacityLevel>
			<LodDistance>16960</LodDistance>
			<IsVisible>true</IsVisible>
			<MaxHealth>1000</MaxHealth>
			<Health>1000</Health>
			<HasGravity>true</HasGravity>
			<IsOnFire>false</IsOnFire>
			<IsInvincible>true</IsInvincible>
			<IsBulletProof>false</IsBulletProof>
			<IsCollisionProof>false</IsCollisionProof>
			<IsExplosionProof>true</IsExplosionProof>
			<IsFireProof>false</IsFireProof>
			<IsMeleeProof>true</IsMeleeProof>
			<IsOnlyDamagedByPlayer>false</IsOnlyDamagedByPlayer>
			<PositionRotation>
				<X>-1633.59204</X>
				<Y>-2976.24609</Y>
				<Z>13.1236172</Z>
				<Pitch>1.24863768</Pitch>
				<Roll>-15.0174828</Roll>
				<Yaw>-119.824394</Yaw>
			</PositionRotation>
			<Attachment isAttached="true">
				<AttachedTo>136218</AttachedTo>
				<BoneIndex>0</BoneIndex>
				<X>-0.159999996</X>
				<Y>-0.669999659</Y>
				<Z>-0.240000039</Z>
				<Pitch>0</Pitch>
				<Roll>0</Roll>
				<Yaw>0</Yaw>
			</Attachment>
		</Attachment>
		<Attachment>
			<ModelHash>0x98ee1acd</ModelHash>
			<Type>3</Type>
			<Dynamic>false</Dynamic>
			<FrozenPos>true</FrozenPos>
			<HashName>prop_cs_hotdog_01</HashName>
			<InitialHandle>70460</InitialHandle>
			<ObjectProperties>
				<TextureVariation>0</TextureVariation>
			</ObjectProperties>
			<OpacityLevel>255</OpacityLevel>
			<LodDistance>16960</LodDistance>
			<IsVisible>true</IsVisible>
			<MaxHealth>1000</MaxHealth>
			<Health>1000</Health>
			<HasGravity>true</HasGravity>
			<IsOnFire>false</IsOnFire>
			<IsInvincible>true</IsInvincible>
			<IsBulletProof>false</IsBulletProof>
			<IsCollisionProof>false</IsCollisionProof>
			<IsExplosionProof>true</IsExplosionProof>
			<IsFireProof>false</IsFireProof>
			<IsMeleeProof>true</IsMeleeProof>
			<IsOnlyDamagedByPlayer>false</IsOnlyDamagedByPlayer>
			<PositionRotation>
				<X>-1633.58545</X>
				<Y>-2976.23218</Y>
				<Z>13.1815548</Z>
				<Pitch>1.24863768</Pitch>
				<Roll>-15.0174828</Roll>
				<Yaw>-119.824394</Yaw>
			</PositionRotation>
			<Attachment isAttached="true">
				<AttachedTo>136218</AttachedTo>
				<BoneIndex>0</BoneIndex>
				<X>-0.159999996</X>
				<Y>-0.669999659</Y>
				<Z>-0.180000007</Z>
				<Pitch>0</Pitch>
				<Roll>0</Roll>
				<Yaw>0</Yaw>
			</Attachment>
		</Attachment>
		<Attachment>
			<ModelHash>0x98ee1acd</ModelHash>
			<Type>3</Type>
			<Dynamic>false</Dynamic>
			<FrozenPos>true</FrozenPos>
			<HashName>prop_cs_hotdog_01</HashName>
			<InitialHandle>156478</InitialHandle>
			<ObjectProperties>
				<TextureVariation>0</TextureVariation>
			</ObjectProperties>
			<OpacityLevel>255</OpacityLevel>
			<LodDistance>16960</LodDistance>
			<IsVisible>true</IsVisible>
			<MaxHealth>1000</MaxHealth>
			<Health>1000</Health>
			<HasGravity>true</HasGravity>
			<IsOnFire>false</IsOnFire>
			<IsInvincible>true</IsInvincible>
			<IsBulletProof>false</IsBulletProof>
			<IsCollisionProof>false</IsCollisionProof>
			<IsExplosionProof>true</IsExplosionProof>
			<IsFireProof>false</IsFireProof>
			<IsMeleeProof>true</IsMeleeProof>
			<IsOnlyDamagedByPlayer>false</IsOnlyDamagedByPlayer>
			<PositionRotation>
				<X>-1633.57874</X>
				<Y>-2976.21802</Y>
				<Z>13.2394915</Z>
				<Pitch>1.24863768</Pitch>
				<Roll>-15.0174828</Roll>
				<Yaw>-119.824394</Yaw>
			</PositionRotation>
			<Attachment isAttached="true">
				<AttachedTo>136218</AttachedTo>
				<BoneIndex>0</BoneIndex>
				<X>-0.159999996</X>
				<Y>-0.669999659</Y>
				<Z>-0.119999982</Z>
				<Pitch>0</Pitch>
				<Roll>0</Roll>
				<Yaw>0</Yaw>
			</Attachment>
		</Attachment>
		<Attachment>
			<ModelHash>0x98ee1acd</ModelHash>
			<Type>3</Type>
			<Dynamic>false</Dynamic>
			<FrozenPos>true</FrozenPos>
			<HashName>prop_cs_hotdog_01</HashName>
			<InitialHandle>157753</InitialHandle>
			<ObjectProperties>
				<TextureVariation>0</TextureVariation>
			</ObjectProperties>
			<OpacityLevel>255</OpacityLevel>
			<LodDistance>16960</LodDistance>
			<IsVisible>true</IsVisible>
			<MaxHealth>1000</MaxHealth>
			<Health>1000</Health>
			<HasGravity>true</HasGravity>
			<IsOnFire>false</IsOnFire>
			<IsInvincible>true</IsInvincible>
			<IsBulletProof>false</IsBulletProof>
			<IsCollisionProof>false</IsCollisionProof>
			<IsExplosionProof>true</IsExplosionProof>
			<IsFireProof>false</IsFireProof>
			<IsMeleeProof>true</IsMeleeProof>
			<IsOnlyDamagedByPlayer>false</IsOnlyDamagedByPlayer>
			<PositionRotation>
				<X>-1633.57214</X>
				<Y>-2976.20386</Y>
				<Z>13.2974291</Z>
				<Pitch>1.24863768</Pitch>
				<Roll>-15.0174828</Roll>
				<Yaw>-119.824394</Yaw>
			</PositionRotation>
			<Attachment isAttached="true">
				<AttachedTo>136218</AttachedTo>
				<BoneIndex>0</BoneIndex>
				<X>-0.159999996</X>
				<Y>-0.669999659</Y>
				<Z>-0.0599999949</Z>
				<Pitch>0</Pitch>
				<Roll>0</Roll>
				<Yaw>0</Yaw>
			</Attachment>
		</Attachment>
		<Attachment>
			<ModelHash>0x98ee1acd</ModelHash>
			<Type>3</Type>
			<Dynamic>false</Dynamic>
			<FrozenPos>true</FrozenPos>
			<HashName>prop_cs_hotdog_01</HashName>
			<InitialHandle>178216</InitialHandle>
			<ObjectProperties>
				<TextureVariation>0</TextureVariation>
			</ObjectProperties>
			<OpacityLevel>255</OpacityLevel>
			<LodDistance>16960</LodDistance>
			<IsVisible>true</IsVisible>
			<MaxHealth>1000</MaxHealth>
			<Health>1000</Health>
			<HasGravity>true</HasGravity>
			<IsOnFire>false</IsOnFire>
			<IsInvincible>true</IsInvincible>
			<IsBulletProof>false</IsBulletProof>
			<IsCollisionProof>false</IsCollisionProof>
			<IsExplosionProof>true</IsExplosionProof>
			<IsFireProof>false</IsFireProof>
			<IsMeleeProof>true</IsMeleeProof>
			<IsOnlyDamagedByPlayer>false</IsOnlyDamagedByPlayer>
			<PositionRotation>
				<X>-1633.56555</X>
				<Y>-2976.1897</Y>
				<Z>13.3553658</Z>
				<Pitch>1.24863768</Pitch>
				<Roll>-15.0174828</Roll>
				<Yaw>-119.824394</Yaw>
			</PositionRotation>
			<Attachment isAttached="true">
				<AttachedTo>136218</AttachedTo>
				<BoneIndex>0</BoneIndex>
				<X>-0.159999996</X>
				<Y>-0.669999659</Y>
				<Z>0</Z>
				<Pitch>0</Pitch>
				<Roll>0</Roll>
				<Yaw>0</Yaw>
			</Attachment>
		</Attachment>
		<Attachment>
			<ModelHash>0x98ee1acd</ModelHash>
			<Type>3</Type>
			<Dynamic>false</Dynamic>
			<FrozenPos>true</FrozenPos>
			<HashName>prop_cs_hotdog_01</HashName>
			<InitialHandle>42559</InitialHandle>
			<ObjectProperties>
				<TextureVariation>0</TextureVariation>
			</ObjectProperties>
			<OpacityLevel>255</OpacityLevel>
			<LodDistance>16960</LodDistance>
			<IsVisible>true</IsVisible>
			<MaxHealth>1000</MaxHealth>
			<Health>1000</Health>
			<HasGravity>true</HasGravity>
			<IsOnFire>false</IsOnFire>
			<IsInvincible>true</IsInvincible>
			<IsBulletProof>false</IsBulletProof>
			<IsCollisionProof>false</IsCollisionProof>
			<IsExplosionProof>true</IsExplosionProof>
			<IsFireProof>false</IsFireProof>
			<IsMeleeProof>true</IsMeleeProof>
			<IsOnlyDamagedByPlayer>false</IsOnlyDamagedByPlayer>
			<PositionRotation>
				<X>-1633.49817</X>
				<Y>-2976.21045</Y>
				<Z>13.4148283</Z>
				<Pitch>1.24863768</Pitch>
				<Roll>-15.0174828</Roll>
				<Yaw>-119.824394</Yaw>
			</PositionRotation>
			<Attachment isAttached="true">
				<AttachedTo>136218</AttachedTo>
				<BoneIndex>0</BoneIndex>
				<X>-0.159999996</X>
				<Y>-0.599999726</Y>
				<Z>0.0599999949</Z>
				<Pitch>0</Pitch>
				<Roll>0</Roll>
				<Yaw>0</Yaw>
			</Attachment>
		</Attachment>
		<Attachment>
			<ModelHash>0x98ee1acd</ModelHash>
			<Type>3</Type>
			<Dynamic>false</Dynamic>
			<FrozenPos>true</FrozenPos>
			<HashName>prop_cs_hotdog_01</HashName>
			<InitialHandle>49251</InitialHandle>
			<ObjectProperties>
				<TextureVariation>0</TextureVariation>
			</ObjectProperties>
			<OpacityLevel>255</OpacityLevel>
			<LodDistance>16960</LodDistance>
			<IsVisible>true</IsVisible>
			<MaxHealth>1000</MaxHealth>
			<Health>1000</Health>
			<HasGravity>true</HasGravity>
			<IsOnFire>false</IsOnFire>
			<IsInvincible>true</IsInvincible>
			<IsBulletProof>false</IsBulletProof>
			<IsCollisionProof>false</IsCollisionProof>
			<IsExplosionProof>true</IsExplosionProof>
			<IsFireProof>false</IsFireProof>
			<IsMeleeProof>true</IsMeleeProof>
			<IsOnlyDamagedByPlayer>false</IsOnlyDamagedByPlayer>
			<PositionRotation>
				<X>-1633.25378</X>
				<Y>-2976.44019</Y>
				<Z>13.1321163</Z>
				<Pitch>1.24863768</Pitch>
				<Roll>-15.0174828</Roll>
				<Yaw>-119.824394</Yaw>
			</PositionRotation>
			<Attachment isAttached="true">
				<AttachedTo>136218</AttachedTo>
				<BoneIndex>0</BoneIndex>
				<X>-0.159999996</X>
				<Y>-0.280000001</Y>
				<Z>-0.240000039</Z>
				<Pitch>0</Pitch>
				<Roll>0</Roll>
				<Yaw>0</Yaw>
			</Attachment>
		</Attachment>
		<Attachment>
			<ModelHash>0x98ee1acd</ModelHash>
			<Type>3</Type>
			<Dynamic>false</Dynamic>
			<FrozenPos>true</FrozenPos>
			<HashName>prop_cs_hotdog_01</HashName>
			<InitialHandle>45571</InitialHandle>
			<ObjectProperties>
				<TextureVariation>0</TextureVariation>
			</ObjectProperties>
			<OpacityLevel>255</OpacityLevel>
			<LodDistance>16960</LodDistance>
			<IsVisible>true</IsVisible>
			<MaxHealth>1000</MaxHealth>
			<Health>1000</Health>
			<HasGravity>true</HasGravity>
			<IsOnFire>false</IsOnFire>
			<IsInvincible>true</IsInvincible>
			<IsBulletProof>false</IsBulletProof>
			<IsCollisionProof>false</IsCollisionProof>
			<IsExplosionProof>true</IsExplosionProof>
			<IsFireProof>false</IsFireProof>
			<IsMeleeProof>true</IsMeleeProof>
			<IsOnlyDamagedByPlayer>false</IsOnlyDamagedByPlayer>
			<PositionRotation>
				<X>-1633.24719</X>
				<Y>-2976.42603</Y>
				<Z>13.190053</Z>
				<Pitch>1.24863768</Pitch>
				<Roll>-15.0174828</Roll>
				<Yaw>-119.824394</Yaw>
			</PositionRotation>
			<Attachment isAttached="true">
				<AttachedTo>136218</AttachedTo>
				<BoneIndex>0</BoneIndex>
				<X>-0.159999996</X>
				<Y>-0.280000001</Y>
				<Z>-0.180000007</Z>
				<Pitch>0</Pitch>
				<Roll>0</Roll>
				<Yaw>0</Yaw>
			</Attachment>
		</Attachment>
		<Attachment>
			<ModelHash>0x98ee1acd</ModelHash>
			<Type>3</Type>
			<Dynamic>false</Dynamic>
			<FrozenPos>true</FrozenPos>
			<HashName>prop_cs_hotdog_01</HashName>
			<InitialHandle>142113</InitialHandle>
			<ObjectProperties>
				<TextureVariation>0</TextureVariation>
			</ObjectProperties>
			<OpacityLevel>255</OpacityLevel>
			<LodDistance>16960</LodDistance>
			<IsVisible>true</IsVisible>
			<MaxHealth>1000</MaxHealth>
			<Health>1000</Health>
			<HasGravity>true</HasGravity>
			<IsOnFire>false</IsOnFire>
			<IsInvincible>true</IsInvincible>
			<IsBulletProof>false</IsBulletProof>
			<IsCollisionProof>false</IsCollisionProof>
			<IsExplosionProof>true</IsExplosionProof>
			<IsFireProof>false</IsFireProof>
			<IsMeleeProof>true</IsMeleeProof>
			<IsOnlyDamagedByPlayer>false</IsOnlyDamagedByPlayer>
			<PositionRotation>
				<X>-1633.24048</X>
				<Y>-2976.41187</Y>
				<Z>13.2479906</Z>
				<Pitch>1.24863768</Pitch>
				<Roll>-15.0174828</Roll>
				<Yaw>-119.824394</Yaw>
			</PositionRotation>
			<Attachment isAttached="true">
				<AttachedTo>136218</AttachedTo>
				<BoneIndex>0</BoneIndex>
				<X>-0.159999996</X>
				<Y>-0.280000001</Y>
				<Z>-0.119999982</Z>
				<Pitch>0</Pitch>
				<Roll>0</Roll>
				<Yaw>0</Yaw>
			</Attachment>
		</Attachment>
		<Attachment>
			<ModelHash>0x98ee1acd</ModelHash>
			<Type>3</Type>
			<Dynamic>false</Dynamic>
			<FrozenPos>true</FrozenPos>
			<HashName>prop_cs_hotdog_01</HashName>
			<InitialHandle>66166</InitialHandle>
			<ObjectProperties>
				<TextureVariation>0</TextureVariation>
			</ObjectProperties>
			<OpacityLevel>255</OpacityLevel>
			<LodDistance>16960</LodDistance>
			<IsVisible>true</IsVisible>
			<MaxHealth>1000</MaxHealth>
			<Health>1000</Health>
			<HasGravity>true</HasGravity>
			<IsOnFire>false</IsOnFire>
			<IsInvincible>true</IsInvincible>
			<IsBulletProof>false</IsBulletProof>
			<IsCollisionProof>false</IsCollisionProof>
			<IsExplosionProof>true</IsExplosionProof>
			<IsFireProof>false</IsFireProof>
			<IsMeleeProof>true</IsMeleeProof>
			<IsOnlyDamagedByPlayer>false</IsOnlyDamagedByPlayer>
			<PositionRotation>
				<X>-1633.23389</X>
				<Y>-2976.39771</Y>
				<Z>13.3059273</Z>
				<Pitch>1.24863768</Pitch>
				<Roll>-15.0174828</Roll>
				<Yaw>-119.824394</Yaw>
			</PositionRotation>
			<Attachment isAttached="true">
				<AttachedTo>136218</AttachedTo>
				<BoneIndex>0</BoneIndex>
				<X>-0.159999996</X>
				<Y>-0.280000001</Y>
				<Z>-0.0599999949</Z>
				<Pitch>0</Pitch>
				<Roll>0</Roll>
				<Yaw>0</Yaw>
			</Attachment>
		</Attachment>
		<Attachment>
			<ModelHash>0x98ee1acd</ModelHash>
			<Type>3</Type>
			<Dynamic>false</Dynamic>
			<FrozenPos>true</FrozenPos>
			<HashName>prop_cs_hotdog_01</HashName>
			<InitialHandle>50797</InitialHandle>
			<ObjectProperties>
				<TextureVariation>0</TextureVariation>
			</ObjectProperties>
			<OpacityLevel>255</OpacityLevel>
			<LodDistance>16960</LodDistance>
			<IsVisible>true</IsVisible>
			<MaxHealth>1000</MaxHealth>
			<Health>1000</Health>
			<HasGravity>true</HasGravity>
			<IsOnFire>false</IsOnFire>
			<IsInvincible>true</IsInvincible>
			<IsBulletProof>false</IsBulletProof>
			<IsCollisionProof>false</IsCollisionProof>
			<IsExplosionProof>true</IsExplosionProof>
			<IsFireProof>false</IsFireProof>
			<IsMeleeProof>true</IsMeleeProof>
			<IsOnlyDamagedByPlayer>false</IsOnlyDamagedByPlayer>
			<PositionRotation>
				<X>-1633.22717</X>
				<Y>-2976.38354</Y>
				<Z>13.3638639</Z>
				<Pitch>1.24863768</Pitch>
				<Roll>-15.0174828</Roll>
				<Yaw>-119.824394</Yaw>
			</PositionRotation>
			<Attachment isAttached="true">
				<AttachedTo>136218</AttachedTo>
				<BoneIndex>0</BoneIndex>
				<X>-0.159999996</X>
				<Y>-0.280000001</Y>
				<Z>0</Z>
				<Pitch>0</Pitch>
				<Roll>0</Roll>
				<Yaw>0</Yaw>
			</Attachment>
		</Attachment>
		<Attachment>
			<ModelHash>0x98ee1acd</ModelHash>
			<Type>3</Type>
			<Dynamic>false</Dynamic>
			<FrozenPos>true</FrozenPos>
			<HashName>prop_cs_hotdog_01</HashName>
			<InitialHandle>64877</InitialHandle>
			<ObjectProperties>
				<TextureVariation>0</TextureVariation>
			</ObjectProperties>
			<OpacityLevel>255</OpacityLevel>
			<LodDistance>16960</LodDistance>
			<IsVisible>true</IsVisible>
			<MaxHealth>1000</MaxHealth>
			<Health>1000</Health>
			<HasGravity>true</HasGravity>
			<IsOnFire>false</IsOnFire>
			<IsInvincible>true</IsInvincible>
			<IsBulletProof>false</IsBulletProof>
			<IsCollisionProof>false</IsCollisionProof>
			<IsExplosionProof>true</IsExplosionProof>
			<IsFireProof>false</IsFireProof>
			<IsMeleeProof>true</IsMeleeProof>
			<IsOnlyDamagedByPlayer>false</IsOnlyDamagedByPlayer>
			<PositionRotation>
				<X>-1633.24658</X>
				<Y>-2976.35474</Y>
				<Z>13.4211473</Z>
				<Pitch>1.24863768</Pitch>
				<Roll>-15.0174828</Roll>
				<Yaw>-119.824394</Yaw>
			</PositionRotation>
			<Attachment isAttached="true">
				<AttachedTo>136218</AttachedTo>
				<BoneIndex>0</BoneIndex>
				<X>-0.159999996</X>
				<Y>-0.309999973</Y>
				<Z>0.0599999949</Z>
				<Pitch>0</Pitch>
				<Roll>0</Roll>
				<Yaw>0</Yaw>
			</Attachment>
		</Attachment>
		<Attachment>
			<ModelHash>0x98ee1acd</ModelHash>
			<Type>3</Type>
			<Dynamic>false</Dynamic>
			<FrozenPos>true</FrozenPos>
			<HashName>prop_cs_hotdog_01</HashName>
			<InitialHandle>114211</InitialHandle>
			<ObjectProperties>
				<TextureVariation>0</TextureVariation>
			</ObjectProperties>
			<OpacityLevel>255</OpacityLevel>
			<LodDistance>16960</LodDistance>
			<IsVisible>true</IsVisible>
			<MaxHealth>1000</MaxHealth>
			<Health>1000</Health>
			<HasGravity>true</HasGravity>
			<IsOnFire>false</IsOnFire>
			<IsInvincible>true</IsInvincible>
			<IsBulletProof>false</IsBulletProof>
			<IsCollisionProof>false</IsCollisionProof>
			<IsExplosionProof>true</IsExplosionProof>
			<IsFireProof>false</IsFireProof>
			<IsMeleeProof>true</IsMeleeProof>
			<IsOnlyDamagedByPlayer>false</IsOnlyDamagedByPlayer>
			<PositionRotation>
				<X>-1633.74243</X>
				<Y>-2976.50513</Y>
				<Z>13.2039242</Z>
				<Pitch>1.24863768</Pitch>
				<Roll>-15.0174828</Roll>
				<Yaw>-119.824394</Yaw>
			</PositionRotation>
			<Attachment isAttached="true">
				<AttachedTo>136218</AttachedTo>
				<BoneIndex>0</BoneIndex>
				<X>0.149999991</X>
				<Y>-0.669999659</Y>
				<Z>-0.240000039</Z>
				<Pitch>0</Pitch>
				<Roll>0</Roll>
				<Yaw>0</Yaw>
			</Attachment>
		</Attachment>
		<Attachment>
			<ModelHash>0x98ee1acd</ModelHash>
			<Type>3</Type>
			<Dynamic>false</Dynamic>
			<FrozenPos>true</FrozenPos>
			<HashName>prop_cs_hotdog_01</HashName>
			<InitialHandle>146743</InitialHandle>
			<ObjectProperties>
				<TextureVariation>0</TextureVariation>
			</ObjectProperties>
			<OpacityLevel>255</OpacityLevel>
			<LodDistance>16960</LodDistance>
			<IsVisible>true</IsVisible>
			<MaxHealth>1000</MaxHealth>
			<Health>1000</Health>
			<HasGravity>true</HasGravity>
			<IsOnFire>false</IsOnFire>
			<IsInvincible>true</IsInvincible>
			<IsBulletProof>false</IsBulletProof>
			<IsCollisionProof>false</IsCollisionProof>
			<IsExplosionProof>true</IsExplosionProof>
			<IsFireProof>false</IsFireProof>
			<IsMeleeProof>true</IsMeleeProof>
			<IsOnlyDamagedByPlayer>false</IsOnlyDamagedByPlayer>
			<PositionRotation>
				<X>-1633.73584</X>
				<Y>-2976.49097</Y>
				<Z>13.2618608</Z>
				<Pitch>1.24863768</Pitch>
				<Roll>-15.0174828</Roll>
				<Yaw>-119.824394</Yaw>
			</PositionRotation>
			<Attachment isAttached="true">
				<AttachedTo>136218</AttachedTo>
				<BoneIndex>0</BoneIndex>
				<X>0.149999991</X>
				<Y>-0.669999659</Y>
				<Z>-0.180000007</Z>
				<Pitch>0</Pitch>
				<Roll>0</Roll>
				<Yaw>0</Yaw>
			</Attachment>
		</Attachment>
		<Attachment>
			<ModelHash>0x98ee1acd</ModelHash>
			<Type>3</Type>
			<Dynamic>false</Dynamic>
			<FrozenPos>true</FrozenPos>
			<HashName>prop_cs_hotdog_01</HashName>
			<InitialHandle>151365</InitialHandle>
			<ObjectProperties>
				<TextureVariation>0</TextureVariation>
			</ObjectProperties>
			<OpacityLevel>255</OpacityLevel>
			<LodDistance>16960</LodDistance>
			<IsVisible>true</IsVisible>
			<MaxHealth>1000</MaxHealth>
			<Health>1000</Health>
			<HasGravity>true</HasGravity>
			<IsOnFire>false</IsOnFire>
			<IsInvincible>true</IsInvincible>
			<IsBulletProof>false</IsBulletProof>
			<IsCollisionProof>false</IsCollisionProof>
			<IsExplosionProof>true</IsExplosionProof>
			<IsFireProof>false</IsFireProof>
			<IsMeleeProof>true</IsMeleeProof>
			<IsOnlyDamagedByPlayer>false</IsOnlyDamagedByPlayer>
			<PositionRotation>
				<X>-1633.72925</X>
				<Y>-2976.47681</Y>
				<Z>13.3197975</Z>
				<Pitch>1.24863768</Pitch>
				<Roll>-15.0174828</Roll>
				<Yaw>-119.824394</Yaw>
			</PositionRotation>
			<Attachment isAttached="true">
				<AttachedTo>136218</AttachedTo>
				<BoneIndex>0</BoneIndex>
				<X>0.149999991</X>
				<Y>-0.669999659</Y>
				<Z>-0.119999982</Z>
				<Pitch>0</Pitch>
				<Roll>0</Roll>
				<Yaw>0</Yaw>
			</Attachment>
		</Attachment>
		<Attachment>
			<ModelHash>0x98ee1acd</ModelHash>
			<Type>3</Type>
			<Dynamic>false</Dynamic>
			<FrozenPos>true</FrozenPos>
			<HashName>prop_cs_hotdog_01</HashName>
			<InitialHandle>17456</InitialHandle>
			<ObjectProperties>
				<TextureVariation>0</TextureVariation>
			</ObjectProperties>
			<OpacityLevel>255</OpacityLevel>
			<LodDistance>16960</LodDistance>
			<IsVisible>true</IsVisible>
			<MaxHealth>1000</MaxHealth>
			<Health>1000</Health>
			<HasGravity>true</HasGravity>
			<IsOnFire>false</IsOnFire>
			<IsInvincible>true</IsInvincible>
			<IsBulletProof>false</IsBulletProof>
			<IsCollisionProof>false</IsCollisionProof>
			<IsExplosionProof>true</IsExplosionProof>
			<IsFireProof>false</IsFireProof>
			<IsMeleeProof>true</IsMeleeProof>
			<IsOnlyDamagedByPlayer>false</IsOnlyDamagedByPlayer>
			<PositionRotation>
				<X>-1633.72253</X>
				<Y>-2976.46265</Y>
				<Z>13.3777351</Z>
				<Pitch>1.24863768</Pitch>
				<Roll>-15.0174828</Roll>
				<Yaw>-119.824394</Yaw>
			</PositionRotation>
			<Attachment isAttached="true">
				<AttachedTo>136218</AttachedTo>
				<BoneIndex>0</BoneIndex>
				<X>0.149999991</X>
				<Y>-0.669999659</Y>
				<Z>-0.0599999949</Z>
				<Pitch>0</Pitch>
				<Roll>0</Roll>
				<Yaw>0</Yaw>
			</Attachment>
		</Attachment>
		<Attachment>
			<ModelHash>0x98ee1acd</ModelHash>
			<Type>3</Type>
			<Dynamic>false</Dynamic>
			<FrozenPos>true</FrozenPos>
			<HashName>prop_cs_hotdog_01</HashName>
			<InitialHandle>145989</InitialHandle>
			<ObjectProperties>
				<TextureVariation>0</TextureVariation>
			</ObjectProperties>
			<OpacityLevel>255</OpacityLevel>
			<LodDistance>16960</LodDistance>
			<IsVisible>true</IsVisible>
			<MaxHealth>1000</MaxHealth>
			<Health>1000</Health>
			<HasGravity>true</HasGravity>
			<IsOnFire>false</IsOnFire>
			<IsInvincible>true</IsInvincible>
			<IsBulletProof>false</IsBulletProof>
			<IsCollisionProof>false</IsCollisionProof>
			<IsExplosionProof>true</IsExplosionProof>
			<IsFireProof>false</IsFireProof>
			<IsMeleeProof>true</IsMeleeProof>
			<IsOnlyDamagedByPlayer>false</IsOnlyDamagedByPlayer>
			<PositionRotation>
				<X>-1633.71594</X>
				<Y>-2976.44873</Y>
				<Z>13.4356718</Z>
				<Pitch>1.24863768</Pitch>
				<Roll>-15.0174828</Roll>
				<Yaw>-119.824394</Yaw>
			</PositionRotation>
			<Attachment isAttached="true">
				<AttachedTo>136218</AttachedTo>
				<BoneIndex>0</BoneIndex>
				<X>0.149999991</X>
				<Y>-0.669999659</Y>
				<Z>0</Z>
				<Pitch>0</Pitch>
				<Roll>0</Roll>
				<Yaw>0</Yaw>
			</Attachment>
		</Attachment>
		<Attachment>
			<ModelHash>0x98ee1acd</ModelHash>
			<Type>3</Type>
			<Dynamic>false</Dynamic>
			<FrozenPos>true</FrozenPos>
			<HashName>prop_cs_hotdog_01</HashName>
			<InitialHandle>125254</InitialHandle>
			<ObjectProperties>
				<TextureVariation>0</TextureVariation>
			</ObjectProperties>
			<OpacityLevel>255</OpacityLevel>
			<LodDistance>16960</LodDistance>
			<IsVisible>true</IsVisible>
			<MaxHealth>1000</MaxHealth>
			<Health>1000</Health>
			<HasGravity>true</HasGravity>
			<IsOnFire>false</IsOnFire>
			<IsInvincible>true</IsInvincible>
			<IsBulletProof>false</IsBulletProof>
			<IsCollisionProof>false</IsCollisionProof>
			<IsExplosionProof>true</IsExplosionProof>
			<IsFireProof>false</IsFireProof>
			<IsMeleeProof>true</IsMeleeProof>
			<IsOnlyDamagedByPlayer>false</IsOnlyDamagedByPlayer>
			<PositionRotation>
				<X>-1633.68323</X>
				<Y>-2976.44946</Y>
				<Z>13.4942627</Z>
				<Pitch>1.24863768</Pitch>
				<Roll>-15.0174828</Roll>
				<Yaw>-119.824394</Yaw>
			</PositionRotation>
			<Attachment isAttached="true">
				<AttachedTo>136218</AttachedTo>
				<BoneIndex>0</BoneIndex>
				<X>0.149999991</X>
				<Y>-0.639999688</Y>
				<Z>0.0599999949</Z>
				<Pitch>0</Pitch>
				<Roll>0</Roll>
				<Yaw>0</Yaw>
			</Attachment>
		</Attachment>
		<Attachment>
			<ModelHash>0x98ee1acd</ModelHash>
			<Type>3</Type>
			<Dynamic>false</Dynamic>
			<FrozenPos>true</FrozenPos>
			<HashName>prop_cs_hotdog_01</HashName>
			<InitialHandle>103705</InitialHandle>
			<ObjectProperties>
				<TextureVariation>0</TextureVariation>
			</ObjectProperties>
			<OpacityLevel>255</OpacityLevel>
			<LodDistance>16960</LodDistance>
			<IsVisible>true</IsVisible>
			<MaxHealth>1000</MaxHealth>
			<Health>1000</Health>
			<HasGravity>true</HasGravity>
			<IsOnFire>false</IsOnFire>
			<IsInvincible>true</IsInvincible>
			<IsBulletProof>false</IsBulletProof>
			<IsCollisionProof>false</IsCollisionProof>
			<IsExplosionProof>true</IsExplosionProof>
			<IsFireProof>false</IsFireProof>
			<IsMeleeProof>true</IsMeleeProof>
			<IsOnlyDamagedByPlayer>false</IsOnlyDamagedByPlayer>
			<PositionRotation>
				<X>-1633.56897</X>
				<Y>-2976.60449</Y>
				<Z>13.2082815</Z>
				<Pitch>1.24863768</Pitch>
				<Roll>-15.0174828</Roll>
				<Yaw>-119.824394</Yaw>
			</PositionRotation>
			<Attachment isAttached="true">
				<AttachedTo>136218</AttachedTo>
				<BoneIndex>0</BoneIndex>
				<X>0.149999991</X>
				<Y>-0.46999985</Y>
				<Z>-0.240000039</Z>
				<Pitch>0</Pitch>
				<Roll>0</Roll>
				<Yaw>0</Yaw>
			</Attachment>
		</Attachment>
		<Attachment>
			<ModelHash>0x98ee1acd</ModelHash>
			<Type>3</Type>
			<Dynamic>false</Dynamic>
			<FrozenPos>true</FrozenPos>
			<HashName>prop_cs_hotdog_01</HashName>
			<InitialHandle>175720</InitialHandle>
			<ObjectProperties>
				<TextureVariation>0</TextureVariation>
			</ObjectProperties>
			<OpacityLevel>255</OpacityLevel>
			<LodDistance>16960</LodDistance>
			<IsVisible>true</IsVisible>
			<MaxHealth>1000</MaxHealth>
			<Health>1000</Health>
			<HasGravity>true</HasGravity>
			<IsOnFire>false</IsOnFire>
			<IsInvincible>true</IsInvincible>
			<IsBulletProof>false</IsBulletProof>
			<IsCollisionProof>false</IsCollisionProof>
			<IsExplosionProof>true</IsExplosionProof>
			<IsFireProof>false</IsFireProof>
			<IsMeleeProof>true</IsMeleeProof>
			<IsOnlyDamagedByPlayer>false</IsOnlyDamagedByPlayer>
			<PositionRotation>
				<X>-1633.56238</X>
				<Y>-2976.59033</Y>
				<Z>13.2662191</Z>
				<Pitch>1.24863768</Pitch>
				<Roll>-15.0174828</Roll>
				<Yaw>-119.824394</Yaw>
			</PositionRotation>
			<Attachment isAttached="true">
				<AttachedTo>136218</AttachedTo>
				<BoneIndex>0</BoneIndex>
				<X>0.149999991</X>
				<Y>-0.46999985</Y>
				<Z>-0.180000007</Z>
				<Pitch>0</Pitch>
				<Roll>0</Roll>
				<Yaw>0</Yaw>
			</Attachment>
		</Attachment>
		<Attachment>
			<ModelHash>0x98ee1acd</ModelHash>
			<Type>3</Type>
			<Dynamic>false</Dynamic>
			<FrozenPos>true</FrozenPos>
			<HashName>prop_cs_hotdog_01</HashName>
			<InitialHandle>35682</InitialHandle>
			<ObjectProperties>
				<TextureVariation>0</TextureVariation>
			</ObjectProperties>
			<OpacityLevel>255</OpacityLevel>
			<LodDistance>16960</LodDistance>
			<IsVisible>true</IsVisible>
			<MaxHealth>1000</MaxHealth>
			<Health>1000</Health>
			<HasGravity>true</HasGravity>
			<IsOnFire>false</IsOnFire>
			<IsInvincible>true</IsInvincible>
			<IsBulletProof>false</IsBulletProof>
			<IsCollisionProof>false</IsCollisionProof>
			<IsExplosionProof>true</IsExplosionProof>
			<IsFireProof>false</IsFireProof>
			<IsMeleeProof>true</IsMeleeProof>
			<IsOnlyDamagedByPlayer>false</IsOnlyDamagedByPlayer>
			<PositionRotation>
				<X>-1633.55579</X>
				<Y>-2976.57642</Y>
				<Z>13.3241558</Z>
				<Pitch>1.24863768</Pitch>
				<Roll>-15.0174828</Roll>
				<Yaw>-119.824394</Yaw>
			</PositionRotation>
			<Attachment isAttached="true">
				<AttachedTo>136218</AttachedTo>
				<BoneIndex>0</BoneIndex>
				<X>0.149999991</X>
				<Y>-0.46999985</Y>
				<Z>-0.119999982</Z>
				<Pitch>0</Pitch>
				<Roll>0</Roll>
				<Yaw>0</Yaw>
			</Attachment>
		</Attachment>
		<Attachment>
			<ModelHash>0x98ee1acd</ModelHash>
			<Type>3</Type>
			<Dynamic>false</Dynamic>
			<FrozenPos>true</FrozenPos>
			<HashName>prop_cs_hotdog_01</HashName>
			<InitialHandle>74087</InitialHandle>
			<ObjectProperties>
				<TextureVariation>0</TextureVariation>
			</ObjectProperties>
			<OpacityLevel>255</OpacityLevel>
			<LodDistance>16960</LodDistance>
			<IsVisible>true</IsVisible>
			<MaxHealth>1000</MaxHealth>
			<Health>1000</Health>
			<HasGravity>true</HasGravity>
			<IsOnFire>false</IsOnFire>
			<IsInvincible>true</IsInvincible>
			<IsBulletProof>false</IsBulletProof>
			<IsCollisionProof>false</IsCollisionProof>
			<IsExplosionProof>true</IsExplosionProof>
			<IsFireProof>false</IsFireProof>
			<IsMeleeProof>true</IsMeleeProof>
			<IsOnlyDamagedByPlayer>false</IsOnlyDamagedByPlayer>
			<PositionRotation>
				<X>-1633.54907</X>
				<Y>-2976.56226</Y>
				<Z>13.3820934</Z>
				<Pitch>1.24863768</Pitch>
				<Roll>-15.0174828</Roll>
				<Yaw>-119.824394</Yaw>
			</PositionRotation>
			<Attachment isAttached="true">
				<AttachedTo>136218</AttachedTo>
				<BoneIndex>0</BoneIndex>
				<X>0.149999991</X>
				<Y>-0.46999985</Y>
				<Z>-0.0599999949</Z>
				<Pitch>0</Pitch>
				<Roll>0</Roll>
				<Yaw>0</Yaw>
			</Attachment>
		</Attachment>
		<Attachment>
			<ModelHash>0x98ee1acd</ModelHash>
			<Type>3</Type>
			<Dynamic>false</Dynamic>
			<FrozenPos>true</FrozenPos>
			<HashName>prop_cs_hotdog_01</HashName>
			<InitialHandle>34657</InitialHandle>
			<ObjectProperties>
				<TextureVariation>0</TextureVariation>
			</ObjectProperties>
			<OpacityLevel>255</OpacityLevel>
			<LodDistance>16960</LodDistance>
			<IsVisible>true</IsVisible>
			<MaxHealth>1000</MaxHealth>
			<Health>1000</Health>
			<HasGravity>true</HasGravity>
			<IsOnFire>false</IsOnFire>
			<IsInvincible>true</IsInvincible>
			<IsBulletProof>false</IsBulletProof>
			<IsCollisionProof>false</IsCollisionProof>
			<IsExplosionProof>true</IsExplosionProof>
			<IsFireProof>false</IsFireProof>
			<IsMeleeProof>true</IsMeleeProof>
			<IsOnlyDamagedByPlayer>false</IsOnlyDamagedByPlayer>
			<PositionRotation>
				<X>-1633.54248</X>
				<Y>-2976.5481</Y>
				<Z>13.4400301</Z>
				<Pitch>1.24863768</Pitch>
				<Roll>-15.0174828</Roll>
				<Yaw>-119.824394</Yaw>
			</PositionRotation>
			<Attachment isAttached="true">
				<AttachedTo>136218</AttachedTo>
				<BoneIndex>0</BoneIndex>
				<X>0.149999991</X>
				<Y>-0.46999985</Y>
				<Z>0</Z>
				<Pitch>0</Pitch>
				<Roll>0</Roll>
				<Yaw>0</Yaw>
			</Attachment>
		</Attachment>
		<Attachment>
			<ModelHash>0x98ee1acd</ModelHash>
			<Type>3</Type>
			<Dynamic>false</Dynamic>
			<FrozenPos>true</FrozenPos>
			<HashName>prop_cs_hotdog_01</HashName>
			<InitialHandle>111721</InitialHandle>
			<ObjectProperties>
				<TextureVariation>0</TextureVariation>
			</ObjectProperties>
			<OpacityLevel>255</OpacityLevel>
			<LodDistance>16960</LodDistance>
			<IsVisible>true</IsVisible>
			<MaxHealth>1000</MaxHealth>
			<Health>1000</Health>
			<HasGravity>true</HasGravity>
			<IsOnFire>false</IsOnFire>
			<IsInvincible>true</IsInvincible>
			<IsBulletProof>false</IsBulletProof>
			<IsCollisionProof>false</IsCollisionProof>
			<IsExplosionProof>true</IsExplosionProof>
			<IsFireProof>false</IsFireProof>
			<IsMeleeProof>true</IsMeleeProof>
			<IsOnlyDamagedByPlayer>false</IsOnlyDamagedByPlayer>
			<PositionRotation>
				<X>-1633.53577</X>
				<Y>-2976.53394</Y>
				<Z>13.4979668</Z>
				<Pitch>1.24863768</Pitch>
				<Roll>-15.0174828</Roll>
				<Yaw>-119.824394</Yaw>
			</PositionRotation>
			<Attachment isAttached="true">
				<AttachedTo>136218</AttachedTo>
				<BoneIndex>0</BoneIndex>
				<X>0.149999991</X>
				<Y>-0.46999985</Y>
				<Z>0.0599999949</Z>
				<Pitch>0</Pitch>
				<Roll>0</Roll>
				<Yaw>0</Yaw>
			</Attachment>
		</Attachment>
		<Attachment>
			<ModelHash>0x98ee1acd</ModelHash>
			<Type>3</Type>
			<Dynamic>false</Dynamic>
			<FrozenPos>true</FrozenPos>
			<HashName>prop_cs_hotdog_01</HashName>
			<InitialHandle>79481</InitialHandle>
			<ObjectProperties>
				<TextureVariation>0</TextureVariation>
			</ObjectProperties>
			<OpacityLevel>255</OpacityLevel>
			<LodDistance>16960</LodDistance>
			<IsVisible>true</IsVisible>
			<MaxHealth>1000</MaxHealth>
			<Health>1000</Health>
			<HasGravity>true</HasGravity>
			<IsOnFire>false</IsOnFire>
			<IsInvincible>true</IsInvincible>
			<IsBulletProof>false</IsBulletProof>
			<IsCollisionProof>false</IsCollisionProof>
			<IsExplosionProof>true</IsExplosionProof>
			<IsFireProof>false</IsFireProof>
			<IsMeleeProof>true</IsMeleeProof>
			<IsOnlyDamagedByPlayer>false</IsOnlyDamagedByPlayer>
			<PositionRotation>
				<X>-1633.39551</X>
				<Y>-2976.70386</Y>
				<Z>13.2126398</Z>
				<Pitch>1.24863768</Pitch>
				<Roll>-15.0174828</Roll>
				<Yaw>-119.824394</Yaw>
			</PositionRotation>
			<Attachment isAttached="true">
				<AttachedTo>136218</AttachedTo>
				<BoneIndex>0</BoneIndex>
				<X>0.149999991</X>
				<Y>-0.270000041</Y>
				<Z>-0.240000039</Z>
				<Pitch>0</Pitch>
				<Roll>0</Roll>
				<Yaw>0</Yaw>
			</Attachment>
		</Attachment>
		<Attachment>
			<ModelHash>0x98ee1acd</ModelHash>
			<Type>3</Type>
			<Dynamic>false</Dynamic>
			<FrozenPos>true</FrozenPos>
			<HashName>prop_cs_hotdog_01</HashName>
			<InitialHandle>172647</InitialHandle>
			<ObjectProperties>
				<TextureVariation>0</TextureVariation>
			</ObjectProperties>
			<OpacityLevel>255</OpacityLevel>
			<LodDistance>16960</LodDistance>
			<IsVisible>true</IsVisible>
			<MaxHealth>1000</MaxHealth>
			<Health>1000</Health>
			<HasGravity>true</HasGravity>
			<IsOnFire>false</IsOnFire>
			<IsInvincible>true</IsInvincible>
			<IsBulletProof>false</IsBulletProof>
			<IsCollisionProof>false</IsCollisionProof>
			<IsExplosionProof>true</IsExplosionProof>
			<IsFireProof>false</IsFireProof>
			<IsMeleeProof>true</IsMeleeProof>
			<IsOnlyDamagedByPlayer>false</IsOnlyDamagedByPlayer>
			<PositionRotation>
				<X>-1633.38892</X>
				<Y>-2976.68994</Y>
				<Z>13.2705774</Z>
				<Pitch>1.24863768</Pitch>
				<Roll>-15.0174828</Roll>
				<Yaw>-119.824394</Yaw>
			</PositionRotation>
			<Attachment isAttached="true">
				<AttachedTo>136218</AttachedTo>
				<BoneIndex>0</BoneIndex>
				<X>0.149999991</X>
				<Y>-0.270000041</Y>
				<Z>-0.180000007</Z>
				<Pitch>0</Pitch>
				<Roll>0</Roll>
				<Yaw>0</Yaw>
			</Attachment>
		</Attachment>
		<Attachment>
			<ModelHash>0x98ee1acd</ModelHash>
			<Type>3</Type>
			<Dynamic>false</Dynamic>
			<FrozenPos>true</FrozenPos>
			<HashName>prop_cs_hotdog_01</HashName>
			<InitialHandle>17278</InitialHandle>
			<ObjectProperties>
				<TextureVariation>0</TextureVariation>
			</ObjectProperties>
			<OpacityLevel>255</OpacityLevel>
			<LodDistance>16960</LodDistance>
			<IsVisible>true</IsVisible>
			<MaxHealth>1000</MaxHealth>
			<Health>1000</Health>
			<HasGravity>true</HasGravity>
			<IsOnFire>false</IsOnFire>
			<IsInvincible>true</IsInvincible>
			<IsBulletProof>false</IsBulletProof>
			<IsCollisionProof>false</IsCollisionProof>
			<IsExplosionProof>true</IsExplosionProof>
			<IsFireProof>false</IsFireProof>
			<IsMeleeProof>true</IsMeleeProof>
			<IsOnlyDamagedByPlayer>false</IsOnlyDamagedByPlayer>
			<PositionRotation>
				<X>-1633.3822</X>
				<Y>-2976.67578</Y>
				<Z>13.3285141</Z>
				<Pitch>1.24863768</Pitch>
				<Roll>-15.0174828</Roll>
				<Yaw>-119.824394</Yaw>
			</PositionRotation>
			<Attachment isAttached="true">
				<AttachedTo>136218</AttachedTo>
				<BoneIndex>0</BoneIndex>
				<X>0.149999991</X>
				<Y>-0.270000041</Y>
				<Z>-0.119999982</Z>
				<Pitch>0</Pitch>
				<Roll>0</Roll>
				<Yaw>0</Yaw>
			</Attachment>
		</Attachment>
		<Attachment>
			<ModelHash>0x98ee1acd</ModelHash>
			<Type>3</Type>
			<Dynamic>false</Dynamic>
			<FrozenPos>true</FrozenPos>
			<HashName>prop_cs_hotdog_01</HashName>
			<InitialHandle>40574</InitialHandle>
			<ObjectProperties>
				<TextureVariation>0</TextureVariation>
			</ObjectProperties>
			<OpacityLevel>255</OpacityLevel>
			<LodDistance>16960</LodDistance>
			<IsVisible>true</IsVisible>
			<MaxHealth>1000</MaxHealth>
			<Health>1000</Health>
			<HasGravity>true</HasGravity>
			<IsOnFire>false</IsOnFire>
			<IsInvincible>true</IsInvincible>
			<IsBulletProof>false</IsBulletProof>
			<IsCollisionProof>false</IsCollisionProof>
			<IsExplosionProof>true</IsExplosionProof>
			<IsFireProof>false</IsFireProof>
			<IsMeleeProof>true</IsMeleeProof>
			<IsOnlyDamagedByPlayer>false</IsOnlyDamagedByPlayer>
			<PositionRotation>
				<X>-1633.37561</X>
				<Y>-2976.66162</Y>
				<Z>13.3864517</Z>
				<Pitch>1.24863768</Pitch>
				<Roll>-15.0174828</Roll>
				<Yaw>-119.824394</Yaw>
			</PositionRotation>
			<Attachment isAttached="true">
				<AttachedTo>136218</AttachedTo>
				<BoneIndex>0</BoneIndex>
				<X>0.149999991</X>
				<Y>-0.270000041</Y>
				<Z>-0.0599999949</Z>
				<Pitch>0</Pitch>
				<Roll>0</Roll>
				<Yaw>0</Yaw>
			</Attachment>
		</Attachment>
		<Attachment>
			<ModelHash>0x98ee1acd</ModelHash>
			<Type>3</Type>
			<Dynamic>false</Dynamic>
			<FrozenPos>true</FrozenPos>
			<HashName>prop_cs_hotdog_01</HashName>
			<InitialHandle>65406</InitialHandle>
			<ObjectProperties>
				<TextureVariation>0</TextureVariation>
			</ObjectProperties>
			<OpacityLevel>255</OpacityLevel>
			<LodDistance>16960</LodDistance>
			<IsVisible>true</IsVisible>
			<MaxHealth>1000</MaxHealth>
			<Health>1000</Health>
			<HasGravity>true</HasGravity>
			<IsOnFire>false</IsOnFire>
			<IsInvincible>true</IsInvincible>
			<IsBulletProof>false</IsBulletProof>
			<IsCollisionProof>false</IsCollisionProof>
			<IsExplosionProof>true</IsExplosionProof>
			<IsFireProof>false</IsFireProof>
			<IsMeleeProof>true</IsMeleeProof>
			<IsOnlyDamagedByPlayer>false</IsOnlyDamagedByPlayer>
			<PositionRotation>
				<X>-1633.36902</X>
				<Y>-2976.64746</Y>
				<Z>13.4443884</Z>
				<Pitch>1.24863768</Pitch>
				<Roll>-15.0174828</Roll>
				<Yaw>-119.824394</Yaw>
			</PositionRotation>
			<Attachment isAttached="true">
				<AttachedTo>136218</AttachedTo>
				<BoneIndex>0</BoneIndex>
				<X>0.149999991</X>
				<Y>-0.270000041</Y>
				<Z>0</Z>
				<Pitch>0</Pitch>
				<Roll>0</Roll>
				<Yaw>0</Yaw>
			</Attachment>
		</Attachment>
		<Attachment>
			<ModelHash>0x98ee1acd</ModelHash>
			<Type>3</Type>
			<Dynamic>false</Dynamic>
			<FrozenPos>true</FrozenPos>
			<HashName>prop_cs_hotdog_01</HashName>
			<InitialHandle>80766</InitialHandle>
			<ObjectProperties>
				<TextureVariation>0</TextureVariation>
			</ObjectProperties>
			<OpacityLevel>255</OpacityLevel>
			<LodDistance>16960</LodDistance>
			<IsVisible>true</IsVisible>
			<MaxHealth>1000</MaxHealth>
			<Health>1000</Health>
			<HasGravity>true</HasGravity>
			<IsOnFire>false</IsOnFire>
			<IsInvincible>true</IsInvincible>
			<IsBulletProof>false</IsBulletProof>
			<IsCollisionProof>false</IsCollisionProof>
			<IsExplosionProof>true</IsExplosionProof>
			<IsFireProof>false</IsFireProof>
			<IsMeleeProof>true</IsMeleeProof>
			<IsOnlyDamagedByPlayer>false</IsOnlyDamagedByPlayer>
			<PositionRotation>
				<X>-1633.38843</X>
				<Y>-2976.61841</Y>
				<Z>13.5016718</Z>
				<Pitch>1.24863768</Pitch>
				<Roll>-15.0174828</Roll>
				<Yaw>-119.824394</Yaw>
			</PositionRotation>
			<Attachment isAttached="true">
				<AttachedTo>136218</AttachedTo>
				<BoneIndex>0</BoneIndex>
				<X>0.149999991</X>
				<Y>-0.300000012</Y>
				<Z>0.0599999949</Z>
				<Pitch>0</Pitch>
				<Roll>0</Roll>
				<Yaw>0</Yaw>
			</Attachment>
		</Attachment>
		<Attachment>
			<ModelHash>0x98ee1acd</ModelHash>
			<Type>3</Type>
			<Dynamic>false</Dynamic>
			<FrozenPos>true</FrozenPos>
			<HashName>prop_cs_hotdog_01</HashName>
			<InitialHandle>147229</InitialHandle>
			<ObjectProperties>
				<TextureVariation>0</TextureVariation>
			</ObjectProperties>
			<OpacityLevel>255</OpacityLevel>
			<LodDistance>16960</LodDistance>
			<IsVisible>true</IsVisible>
			<MaxHealth>1000</MaxHealth>
			<Health>1000</Health>
			<HasGravity>true</HasGravity>
			<IsOnFire>false</IsOnFire>
			<IsInvincible>true</IsInvincible>
			<IsBulletProof>false</IsBulletProof>
			<IsCollisionProof>false</IsCollisionProof>
			<IsExplosionProof>true</IsExplosionProof>
			<IsFireProof>false</IsFireProof>
			<IsMeleeProof>true</IsMeleeProof>
			<IsOnlyDamagedByPlayer>false</IsOnlyDamagedByPlayer>
			<PositionRotation>
				<X>-1633.22827</X>
				<Y>-2976.47144</Y>
				<Z>13.6960878</Z>
				<Pitch>-74.9319687</Pitch>
				<Roll>-85.1947098</Roll>
				<Yaw>154.816193</Yaw>
			</PositionRotation>
			<Attachment isAttached="true">
				<AttachedTo>136218</AttachedTo>
				<BoneIndex>0</BoneIndex>
				<X>0</X>
				<Y>-0.230000049</Y>
				<Z>0.299999982</Z>
				<Pitch>-90.0008163</Pitch>
				<Roll>-1.49011612e-08</Roll>
				<Yaw>0</Yaw>
			</Attachment>
		</Attachment>
		<Attachment>
			<ModelHash>0x98ee1acd</ModelHash>
			<Type>3</Type>
			<Dynamic>false</Dynamic>
			<FrozenPos>true</FrozenPos>
			<HashName>prop_cs_hotdog_01</HashName>
			<InitialHandle>179047</InitialHandle>
			<ObjectProperties>
				<TextureVariation>0</TextureVariation>
			</ObjectProperties>
			<OpacityLevel>255</OpacityLevel>
			<LodDistance>16960</LodDistance>
			<IsVisible>true</IsVisible>
			<MaxHealth>1000</MaxHealth>
			<Health>1000</Health>
			<HasGravity>true</HasGravity>
			<IsOnFire>false</IsOnFire>
			<IsInvincible>true</IsInvincible>
			<IsBulletProof>false</IsBulletProof>
			<IsCollisionProof>false</IsCollisionProof>
			<IsExplosionProof>true</IsExplosionProof>
			<IsFireProof>false</IsFireProof>
			<IsMeleeProof>true</IsMeleeProof>
			<IsOnlyDamagedByPlayer>false</IsOnlyDamagedByPlayer>
			<PositionRotation>
				<X>-1633.745</X>
				<Y>-2976.25903</Y>
				<Z>13.4135113</Z>
				<Pitch>-56.7466125</Pitch>
				<Roll>-151.807999</Roll>
				<Yaw>83.9847107</Yaw>
			</PositionRotation>
			<Attachment isAttached="true">
				<AttachedTo>136218</AttachedTo>
				<BoneIndex>0</BoneIndex>
				<X>0</X>
				<Y>-0.789999604</Y>
				<Z>0.0199999847</Z>
				<Pitch>-121.317505</Pitch>
				<Roll>-1.49011612e-08</Roll>
				<Yaw>0</Yaw>
			</Attachment>
		</Attachment>
		<Attachment>
			<ModelHash>0x98ee1acd</ModelHash>
			<Type>3</Type>
			<Dynamic>false</Dynamic>
			<FrozenPos>true</FrozenPos>
			<HashName>prop_cs_hotdog_01</HashName>
			<InitialHandle>12913</InitialHandle>
			<ObjectProperties>
				<TextureVariation>0</TextureVariation>
			</ObjectProperties>
			<OpacityLevel>255</OpacityLevel>
			<LodDistance>16960</LodDistance>
			<IsVisible>true</IsVisible>
			<MaxHealth>1000</MaxHealth>
			<Health>1000</Health>
			<HasGravity>true</HasGravity>
			<IsOnFire>false</IsOnFire>
			<IsInvincible>true</IsInvincible>
			<IsBulletProof>false</IsBulletProof>
			<IsCollisionProof>false</IsCollisionProof>
			<IsExplosionProof>true</IsExplosionProof>
			<IsFireProof>false</IsFireProof>
			<IsMeleeProof>true</IsMeleeProof>
			<IsOnlyDamagedByPlayer>false</IsOnlyDamagedByPlayer>
			<PositionRotation>
				<X>-1633.86719</X>
				<Y>-2976.31763</Y>
				<Z>13.2657471</Z>
				<Pitch>-56.7466125</Pitch>
				<Roll>-151.807999</Roll>
				<Yaw>83.9847107</Yaw>
			</PositionRotation>
			<Attachment isAttached="true">
				<AttachedTo>136218</AttachedTo>
				<BoneIndex>0</BoneIndex>
				<X>0.0699999928</X>
				<Y>-0.869999528</Y>
				<Z>-0.150000006</Z>
				<Pitch>-121.317505</Pitch>
				<Roll>-1.49011612e-08</Roll>
				<Yaw>0</Yaw>
			</Attachment>
		</Attachment>
		<Attachment>
			<ModelHash>0x98ee1acd</ModelHash>
			<Type>3</Type>
			<Dynamic>false</Dynamic>
			<FrozenPos>true</FrozenPos>
			<HashName>prop_cs_hotdog_01</HashName>
			<InitialHandle>75390</InitialHandle>
			<ObjectProperties>
				<TextureVariation>0</TextureVariation>
			</ObjectProperties>
			<OpacityLevel>255</OpacityLevel>
			<LodDistance>16960</LodDistance>
			<IsVisible>true</IsVisible>
			<MaxHealth>1000</MaxHealth>
			<Health>1000</Health>
			<HasGravity>true</HasGravity>
			<IsOnFire>false</IsOnFire>
			<IsInvincible>true</IsInvincible>
			<IsBulletProof>false</IsBulletProof>
			<IsCollisionProof>false</IsCollisionProof>
			<IsExplosionProof>true</IsExplosionProof>
			<IsFireProof>false</IsFireProof>
			<IsMeleeProof>true</IsMeleeProof>
			<IsOnlyDamagedByPlayer>false</IsOnlyDamagedByPlayer>
			<PositionRotation>
				<X>-1633.77136</X>
				<Y>-2976.32471</Y>
				<Z>13.4222069</Z>
				<Pitch>-56.7466125</Pitch>
				<Roll>-151.807999</Roll>
				<Yaw>83.9847107</Yaw>
			</PositionRotation>
			<Attachment isAttached="true">
				<AttachedTo>136218</AttachedTo>
				<BoneIndex>0</BoneIndex>
				<X>0.0699999928</X>
				<Y>-0.779999614</Y>
				<Z>0.00999998488</Z>
				<Pitch>-121.317505</Pitch>
				<Roll>-1.49011612e-08</Roll>
				<Yaw>0</Yaw>
			</Attachment>
		</Attachment>
		<Attachment>
			<ModelHash>0x98ee1acd</ModelHash>
			<Type>3</Type>
			<Dynamic>false</Dynamic>
			<FrozenPos>true</FrozenPos>
			<HashName>prop_cs_hotdog_01</HashName>
			<InitialHandle>171800</InitialHandle>
			<ObjectProperties>
				<TextureVariation>0</TextureVariation>
			</ObjectProperties>
			<OpacityLevel>255</OpacityLevel>
			<LodDistance>16960</LodDistance>
			<IsVisible>true</IsVisible>
			<MaxHealth>1000</MaxHealth>
			<Health>1000</Health>
			<HasGravity>true</HasGravity>
			<IsOnFire>false</IsOnFire>
			<IsInvincible>true</IsInvincible>
			<IsBulletProof>false</IsBulletProof>
			<IsCollisionProof>false</IsCollisionProof>
			<IsExplosionProof>true</IsExplosionProof>
			<IsFireProof>false</IsFireProof>
			<IsMeleeProof>true</IsMeleeProof>
			<IsOnlyDamagedByPlayer>false</IsOnlyDamagedByPlayer>
			<PositionRotation>
				<X>-1633.79919</X>
				<Y>-2976.20068</Y>
				<Z>13.2294798</Z>
				<Pitch>-56.7466125</Pitch>
				<Roll>-151.807999</Roll>
				<Yaw>83.9847107</Yaw>
			</PositionRotation>
			<Attachment isAttached="true">
				<AttachedTo>136218</AttachedTo>
				<BoneIndex>0</BoneIndex>
				<X>-0.0699999928</X>
				<Y>-0.869999528</Y>
				<Z>-0.150000006</Z>
				<Pitch>-121.317505</Pitch>
				<Roll>-1.49011612e-08</Roll>
				<Yaw>0</Yaw>
			</Attachment>
		</Attachment>
		<Attachment>
			<ModelHash>0x98ee1acd</ModelHash>
			<Type>3</Type>
			<Dynamic>false</Dynamic>
			<FrozenPos>true</FrozenPos>
			<HashName>prop_cs_hotdog_01</HashName>
			<InitialHandle>83241</InitialHandle>
			<ObjectProperties>
				<TextureVariation>0</TextureVariation>
			</ObjectProperties>
			<OpacityLevel>255</OpacityLevel>
			<LodDistance>16960</LodDistance>
			<IsVisible>true</IsVisible>
			<MaxHealth>1000</MaxHealth>
			<Health>1000</Health>
			<HasGravity>true</HasGravity>
			<IsOnFire>false</IsOnFire>
			<IsInvincible>true</IsInvincible>
			<IsBulletProof>false</IsBulletProof>
			<IsCollisionProof>false</IsCollisionProof>
			<IsExplosionProof>true</IsExplosionProof>
			<IsFireProof>false</IsFireProof>
			<IsMeleeProof>true</IsMeleeProof>
			<IsOnlyDamagedByPlayer>false</IsOnlyDamagedByPlayer>
			<PositionRotation>
				<X>-1633.70349</X>
				<Y>-2976.20776</Y>
				<Z>13.3859396</Z>
				<Pitch>-56.7466125</Pitch>
				<Roll>-151.807999</Roll>
				<Yaw>83.9847107</Yaw>
			</PositionRotation>
			<Attachment isAttached="true">
				<AttachedTo>136218</AttachedTo>
				<BoneIndex>0</BoneIndex>
				<X>-0.0699999928</X>
				<Y>-0.779999614</Y>
				<Z>0.00999998488</Z>
				<Pitch>-121.317505</Pitch>
				<Roll>-1.49011612e-08</Roll>
				<Yaw>0</Yaw>
			</Attachment>
		</Attachment>
		<Attachment>
			<ModelHash>0x98ee1acd</ModelHash>
			<Type>3</Type>
			<Dynamic>false</Dynamic>
			<FrozenPos>true</FrozenPos>
			<HashName>prop_cs_hotdog_01</HashName>
			<InitialHandle>110662</InitialHandle>
			<ObjectProperties>
				<TextureVariation>0</TextureVariation>
			</ObjectProperties>
			<OpacityLevel>255</OpacityLevel>
			<LodDistance>16960</LodDistance>
			<IsVisible>true</IsVisible>
			<MaxHealth>1000</MaxHealth>
			<Health>1000</Health>
			<HasGravity>true</HasGravity>
			<IsOnFire>false</IsOnFire>
			<IsInvincible>true</IsInvincible>
			<IsBulletProof>false</IsBulletProof>
			<IsCollisionProof>false</IsCollisionProof>
			<IsExplosionProof>true</IsExplosionProof>
			<IsFireProof>false</IsFireProof>
			<IsMeleeProof>true</IsMeleeProof>
			<IsOnlyDamagedByPlayer>false</IsOnlyDamagedByPlayer>
			<PositionRotation>
				<X>-1633.74915</X>
				<Y>-2976.17847</Y>
				<Z>13.1250944</Z>
				<Pitch>-4.38951826</Pitch>
				<Roll>-14.4287672</Roll>
				<Yaw>-98.6144714</Yaw>
			</PositionRotation>
			<Attachment isAttached="true">
				<AttachedTo>136218</AttachedTo>
				<BoneIndex>0</BoneIndex>
				<X>-0.139999986</X>
				<Y>-0.839999497</Y>
				<Z>-0.240000039</Z>
				<Pitch>0</Pitch>
				<Roll>0</Roll>
				<Yaw>21.9304066</Yaw>
			</Attachment>
		</Attachment>
		<Attachment>
			<ModelHash>0x98ee1acd</ModelHash>
			<Type>3</Type>
			<Dynamic>false</Dynamic>
			<FrozenPos>true</FrozenPos>
			<HashName>prop_cs_hotdog_01</HashName>
			<InitialHandle>113520</InitialHandle>
			<ObjectProperties>
				<TextureVariation>0</TextureVariation>
			</ObjectProperties>
			<OpacityLevel>255</OpacityLevel>
			<LodDistance>16960</LodDistance>
			<IsVisible>true</IsVisible>
			<MaxHealth>1000</MaxHealth>
			<Health>1000</Health>
			<HasGravity>true</HasGravity>
			<IsOnFire>false</IsOnFire>
			<IsInvincible>true</IsInvincible>
			<IsBulletProof>false</IsBulletProof>
			<IsCollisionProof>false</IsCollisionProof>
			<IsExplosionProof>true</IsExplosionProof>
			<IsFireProof>false</IsFireProof>
			<IsMeleeProof>true</IsMeleeProof>
			<IsOnlyDamagedByPlayer>false</IsOnlyDamagedByPlayer>
			<PositionRotation>
				<X>-1633.74146</X>
				<Y>-2976.16187</Y>
				<Z>13.192687</Z>
				<Pitch>-4.38951826</Pitch>
				<Roll>-14.4287672</Roll>
				<Yaw>-98.6144714</Yaw>
			</PositionRotation>
			<Attachment isAttached="true">
				<AttachedTo>136218</AttachedTo>
				<BoneIndex>0</BoneIndex>
				<X>-0.139999986</X>
				<Y>-0.839999497</Y>
				<Z>-0.170000002</Z>
				<Pitch>0</Pitch>
				<Roll>0</Roll>
				<Yaw>21.9304066</Yaw>
			</Attachment>
		</Attachment>
		<Attachment>
			<ModelHash>0x98ee1acd</ModelHash>
			<Type>3</Type>
			<Dynamic>false</Dynamic>
			<FrozenPos>true</FrozenPos>
			<HashName>prop_cs_hotdog_01</HashName>
			<InitialHandle>128880</InitialHandle>
			<ObjectProperties>
				<TextureVariation>0</TextureVariation>
			</ObjectProperties>
			<OpacityLevel>255</OpacityLevel>
			<LodDistance>16960</LodDistance>
			<IsVisible>true</IsVisible>
			<MaxHealth>1000</MaxHealth>
			<Health>1000</Health>
			<HasGravity>true</HasGravity>
			<IsOnFire>false</IsOnFire>
			<IsInvincible>true</IsInvincible>
			<IsBulletProof>false</IsBulletProof>
			<IsCollisionProof>false</IsCollisionProof>
			<IsExplosionProof>true</IsExplosionProof>
			<IsFireProof>false</IsFireProof>
			<IsMeleeProof>true</IsMeleeProof>
			<IsOnlyDamagedByPlayer>false</IsOnlyDamagedByPlayer>
			<PositionRotation>
				<X>-1633.73486</X>
				<Y>-2976.14771</Y>
				<Z>13.2506247</Z>
				<Pitch>-4.38951826</Pitch>
				<Roll>-14.4287672</Roll>
				<Yaw>-98.6144714</Yaw>
			</PositionRotation>
			<Attachment isAttached="true">
				<AttachedTo>136218</AttachedTo>
				<BoneIndex>0</BoneIndex>
				<X>-0.139999986</X>
				<Y>-0.839999497</Y>
				<Z>-0.109999985</Z>
				<Pitch>0</Pitch>
				<Roll>0</Roll>
				<Yaw>21.9304066</Yaw>
			</Attachment>
		</Attachment>
		<Attachment>
			<ModelHash>0x98ee1acd</ModelHash>
			<Type>3</Type>
			<Dynamic>false</Dynamic>
			<FrozenPos>true</FrozenPos>
			<HashName>prop_cs_hotdog_01</HashName>
			<InitialHandle>52063</InitialHandle>
			<ObjectProperties>
				<TextureVariation>0</TextureVariation>
			</ObjectProperties>
			<OpacityLevel>255</OpacityLevel>
			<LodDistance>16960</LodDistance>
			<IsVisible>true</IsVisible>
			<MaxHealth>1000</MaxHealth>
			<Health>1000</Health>
			<HasGravity>true</HasGravity>
			<IsOnFire>false</IsOnFire>
			<IsInvincible>true</IsInvincible>
			<IsBulletProof>false</IsBulletProof>
			<IsCollisionProof>false</IsCollisionProof>
			<IsExplosionProof>true</IsExplosionProof>
			<IsFireProof>false</IsFireProof>
			<IsMeleeProof>true</IsMeleeProof>
			<IsOnlyDamagedByPlayer>false</IsOnlyDamagedByPlayer>
			<PositionRotation>
				<X>-1633.86853</X>
				<Y>-2976.24268</Y>
				<Z>13.1958704</Z>
				<Pitch>-15.0138512</Pitch>
				<Roll>-1.29255652</Roll>
				<Yaw>-30.158493</Yaw>
			</PositionRotation>
			<Attachment isAttached="true">
				<AttachedTo>136218</AttachedTo>
				<BoneIndex>-1</BoneIndex>
				<X>-0.00999999978</X>
				<Y>-0.90999943</Y>
				<Z>-0.200000018</Z>
				<Pitch>0</Pitch>
				<Roll>0</Roll>
				<Yaw>90.0008163</Yaw>
			</Attachment>
		</Attachment>
		<Attachment>
			<ModelHash>0x98ee1acd</ModelHash>
			<Type>3</Type>
			<Dynamic>false</Dynamic>
			<FrozenPos>true</FrozenPos>
			<HashName>prop_cs_hotdog_01</HashName>
			<InitialHandle>93723</InitialHandle>
			<ObjectProperties>
				<TextureVariation>0</TextureVariation>
			</ObjectProperties>
			<OpacityLevel>255</OpacityLevel>
			<LodDistance>16960</LodDistance>
			<IsVisible>true</IsVisible>
			<MaxHealth>1000</MaxHealth>
			<Health>1000</Health>
			<HasGravity>true</HasGravity>
			<IsOnFire>false</IsOnFire>
			<IsInvincible>true</IsInvincible>
			<IsBulletProof>false</IsBulletProof>
			<IsCollisionProof>false</IsCollisionProof>
			<IsExplosionProof>true</IsExplosionProof>
			<IsFireProof>false</IsFireProof>
			<IsMeleeProof>true</IsMeleeProof>
			<IsOnlyDamagedByPlayer>false</IsOnlyDamagedByPlayer>
			<PositionRotation>
				<X>-1633.67261</X>
				<Y>-2976.24756</Y>
				<Z>13.5474148</Z>
				<Pitch>-15.0138512</Pitch>
				<Roll>-1.29255652</Roll>
				<Yaw>-30.158493</Yaw>
			</PositionRotation>
			<Attachment isAttached="true">
				<AttachedTo>136218</AttachedTo>
				<BoneIndex>-1</BoneIndex>
				<X>-0.00999999978</X>
				<Y>-0.729999602</Y>
				<Z>0.159999996</Z>
				<Pitch>0</Pitch>
				<Roll>0</Roll>
				<Yaw>90.0008163</Yaw>
			</Attachment>
		</Attachment>
		<Attachment>
			<ModelHash>0x98ee1acd</ModelHash>
			<Type>3</Type>
			<Dynamic>false</Dynamic>
			<FrozenPos>true</FrozenPos>
			<HashName>prop_cs_hotdog_01</HashName>
			<InitialHandle>26884</InitialHandle>
			<ObjectProperties>
				<TextureVariation>0</TextureVariation>
			</ObjectProperties>
			<OpacityLevel>255</OpacityLevel>
			<LodDistance>16960</LodDistance>
			<IsVisible>true</IsVisible>
			<MaxHealth>1000</MaxHealth>
			<Health>1000</Health>
			<HasGravity>true</HasGravity>
			<IsOnFire>false</IsOnFire>
			<IsInvincible>true</IsInvincible>
			<IsBulletProof>false</IsBulletProof>
			<IsCollisionProof>false</IsCollisionProof>
			<IsExplosionProof>true</IsExplosionProof>
			<IsFireProof>false</IsFireProof>
			<IsMeleeProof>true</IsMeleeProof>
			<IsOnlyDamagedByPlayer>false</IsOnlyDamagedByPlayer>
			<PositionRotation>
				<X>-1633.88025</X>
				<Y>-2976.40381</Y>
				<Z>13.1950378</Z>
				<Pitch>6.71698618</Pitch>
				<Roll>-13.5192957</Roll>
				<Yaw>-141.12233</Yaw>
			</PositionRotation>
			<Attachment isAttached="true">
				<AttachedTo>136218</AttachedTo>
				<BoneIndex>0</BoneIndex>
				<X>0.12999998</X>
				<Y>-0.839999497</Y>
				<Z>-0.240000039</Z>
				<Pitch>0</Pitch>
				<Roll>0</Roll>
				<Yaw>-21.9304066</Yaw>
			</Attachment>
		</Attachment>
		<Attachment>
			<ModelHash>0x98ee1acd</ModelHash>
			<Type>3</Type>
			<Dynamic>false</Dynamic>
			<FrozenPos>true</FrozenPos>
			<HashName>prop_cs_hotdog_01</HashName>
			<InitialHandle>97140</InitialHandle>
			<ObjectProperties>
				<TextureVariation>0</TextureVariation>
			</ObjectProperties>
			<OpacityLevel>255</OpacityLevel>
			<LodDistance>16960</LodDistance>
			<IsVisible>true</IsVisible>
			<MaxHealth>1000</MaxHealth>
			<Health>1000</Health>
			<HasGravity>true</HasGravity>
			<IsOnFire>false</IsOnFire>
			<IsInvincible>true</IsInvincible>
			<IsBulletProof>false</IsBulletProof>
			<IsCollisionProof>false</IsCollisionProof>
			<IsExplosionProof>true</IsExplosionProof>
			<IsFireProof>false</IsFireProof>
			<IsMeleeProof>true</IsMeleeProof>
			<IsOnlyDamagedByPlayer>false</IsOnlyDamagedByPlayer>
			<PositionRotation>
				<X>-1633.87354</X>
				<Y>-2976.38965</Y>
				<Z>13.2529755</Z>
				<Pitch>6.71698618</Pitch>
				<Roll>-13.5192957</Roll>
				<Yaw>-141.12233</Yaw>
			</PositionRotation>
			<Attachment isAttached="true">
				<AttachedTo>136218</AttachedTo>
				<BoneIndex>0</BoneIndex>
				<X>0.12999998</X>
				<Y>-0.839999497</Y>
				<Z>-0.180000007</Z>
				<Pitch>0</Pitch>
				<Roll>0</Roll>
				<Yaw>-21.9304066</Yaw>
			</Attachment>
		</Attachment>
		<Attachment>
			<ModelHash>0x98ee1acd</ModelHash>
			<Type>3</Type>
			<Dynamic>false</Dynamic>
			<FrozenPos>true</FrozenPos>
			<HashName>prop_cs_hotdog_01</HashName>
			<InitialHandle>68473</InitialHandle>
			<ObjectProperties>
				<TextureVariation>0</TextureVariation>
			</ObjectProperties>
			<OpacityLevel>255</OpacityLevel>
			<LodDistance>16960</LodDistance>
			<IsVisible>true</IsVisible>
			<MaxHealth>1000</MaxHealth>
			<Health>1000</Health>
			<HasGravity>true</HasGravity>
			<IsOnFire>false</IsOnFire>
			<IsInvincible>true</IsInvincible>
			<IsBulletProof>false</IsBulletProof>
			<IsCollisionProof>false</IsCollisionProof>
			<IsExplosionProof>true</IsExplosionProof>
			<IsFireProof>false</IsFireProof>
			<IsMeleeProof>true</IsMeleeProof>
			<IsOnlyDamagedByPlayer>false</IsOnlyDamagedByPlayer>
			<PositionRotation>
				<X>-1633.86694</X>
				<Y>-2976.37573</Y>
				<Z>13.3109121</Z>
				<Pitch>6.71698618</Pitch>
				<Roll>-13.5192957</Roll>
				<Yaw>-141.12233</Yaw>
			</PositionRotation>
			<Attachment isAttached="true">
				<AttachedTo>136218</AttachedTo>
				<BoneIndex>0</BoneIndex>
				<X>0.12999998</X>
				<Y>-0.839999497</Y>
				<Z>-0.119999982</Z>
				<Pitch>0</Pitch>
				<Roll>0</Roll>
				<Yaw>-21.9304066</Yaw>
			</Attachment>
		</Attachment>
		<Attachment>
			<ModelHash>0x98ee1acd</ModelHash>
			<Type>3</Type>
			<Dynamic>false</Dynamic>
			<FrozenPos>true</FrozenPos>
			<HashName>prop_cs_hotdog_01</HashName>
			<InitialHandle>166427</InitialHandle>
			<ObjectProperties>
				<TextureVariation>0</TextureVariation>
			</ObjectProperties>
			<OpacityLevel>255</OpacityLevel>
			<LodDistance>16960</LodDistance>
			<IsVisible>true</IsVisible>
			<MaxHealth>1000</MaxHealth>
			<Health>1000</Health>
			<HasGravity>true</HasGravity>
			<IsOnFire>false</IsOnFire>
			<IsInvincible>true</IsInvincible>
			<IsBulletProof>false</IsBulletProof>
			<IsCollisionProof>false</IsCollisionProof>
			<IsExplosionProof>true</IsExplosionProof>
			<IsFireProof>false</IsFireProof>
			<IsMeleeProof>true</IsMeleeProof>
			<IsOnlyDamagedByPlayer>false</IsOnlyDamagedByPlayer>
			<PositionRotation>
				<X>-1633.03918</X>
				<Y>-2976.5498</Y>
				<Z>13.1031961</Z>
				<Pitch>1.24863768</Pitch>
				<Roll>-15.0174828</Roll>
				<Yaw>-119.824394</Yaw>
			</PositionRotation>
			<Attachment isAttached="true">
				<AttachedTo>136218</AttachedTo>
				<BoneIndex>0</BoneIndex>
				<X>-0.180000007</X>
				<Y>-0.040000014</Y>
				<Z>-0.270000011</Z>
				<Pitch>0</Pitch>
				<Roll>0</Roll>
				<Yaw>0</Yaw>
			</Attachment>
		</Attachment>
		<Attachment>
			<ModelHash>0x98ee1acd</ModelHash>
			<Type>3</Type>
			<Dynamic>false</Dynamic>
			<FrozenPos>true</FrozenPos>
			<HashName>prop_cs_hotdog_01</HashName>
			<InitialHandle>155699</InitialHandle>
			<ObjectProperties>
				<TextureVariation>0</TextureVariation>
			</ObjectProperties>
			<OpacityLevel>255</OpacityLevel>
			<LodDistance>16960</LodDistance>
			<IsVisible>true</IsVisible>
			<MaxHealth>1000</MaxHealth>
			<Health>1000</Health>
			<HasGravity>true</HasGravity>
			<IsOnFire>false</IsOnFire>
			<IsInvincible>true</IsInvincible>
			<IsBulletProof>false</IsBulletProof>
			<IsCollisionProof>false</IsCollisionProof>
			<IsExplosionProof>true</IsExplosionProof>
			<IsFireProof>false</IsFireProof>
			<IsMeleeProof>true</IsMeleeProof>
			<IsOnlyDamagedByPlayer>false</IsOnlyDamagedByPlayer>
			<PositionRotation>
				<X>-1633.078</X>
				<Y>-2976.6167</Y>
				<Z>13.1239204</Z>
				<Pitch>1.24863768</Pitch>
				<Roll>-15.0174828</Roll>
				<Yaw>-119.824394</Yaw>
			</PositionRotation>
			<Attachment isAttached="true">
				<AttachedTo>136218</AttachedTo>
				<BoneIndex>0</BoneIndex>
				<X>-0.0999999866</X>
				<Y>-0.040000014</Y>
				<Z>-0.270000011</Z>
				<Pitch>0</Pitch>
				<Roll>0</Roll>
				<Yaw>0</Yaw>
			</Attachment>
		</Attachment>
		<Attachment>
			<ModelHash>0x98ee1acd</ModelHash>
			<Type>3</Type>
			<Dynamic>false</Dynamic>
			<FrozenPos>true</FrozenPos>
			<HashName>prop_cs_hotdog_01</HashName>
			<InitialHandle>44085</InitialHandle>
			<ObjectProperties>
				<TextureVariation>0</TextureVariation>
			</ObjectProperties>
			<OpacityLevel>255</OpacityLevel>
			<LodDistance>16960</LodDistance>
			<IsVisible>true</IsVisible>
			<MaxHealth>1000</MaxHealth>
			<Health>1000</Health>
			<HasGravity>true</HasGravity>
			<IsOnFire>false</IsOnFire>
			<IsInvincible>true</IsInvincible>
			<IsBulletProof>false</IsBulletProof>
			<IsCollisionProof>false</IsCollisionProof>
			<IsExplosionProof>true</IsExplosionProof>
			<IsFireProof>false</IsFireProof>
			<IsMeleeProof>true</IsMeleeProof>
			<IsOnlyDamagedByPlayer>false</IsOnlyDamagedByPlayer>
			<PositionRotation>
				<X>-1632.86572</X>
				<Y>-2976.64917</Y>
				<Z>13.1075544</Z>
				<Pitch>1.24863768</Pitch>
				<Roll>-15.0174828</Roll>
				<Yaw>-119.824394</Yaw>
			</PositionRotation>
			<Attachment isAttached="true">
				<AttachedTo>136218</AttachedTo>
				<BoneIndex>0</BoneIndex>
				<X>-0.180000007</X>
				<Y>0.159999982</Y>
				<Z>-0.270000011</Z>
				<Pitch>0</Pitch>
				<Roll>0</Roll>
				<Yaw>0</Yaw>
			</Attachment>
		</Attachment>
		<Attachment>
			<ModelHash>0x98ee1acd</ModelHash>
			<Type>3</Type>
			<Dynamic>false</Dynamic>
			<FrozenPos>true</FrozenPos>
			<HashName>prop_cs_hotdog_01</HashName>
			<InitialHandle>61749</InitialHandle>
			<ObjectProperties>
				<TextureVariation>0</TextureVariation>
			</ObjectProperties>
			<OpacityLevel>255</OpacityLevel>
			<LodDistance>16960</LodDistance>
			<IsVisible>true</IsVisible>
			<MaxHealth>1000</MaxHealth>
			<Health>1000</Health>
			<HasGravity>true</HasGravity>
			<IsOnFire>false</IsOnFire>
			<IsInvincible>true</IsInvincible>
			<IsBulletProof>false</IsBulletProof>
			<IsCollisionProof>false</IsCollisionProof>
			<IsExplosionProof>true</IsExplosionProof>
			<IsFireProof>false</IsFireProof>
			<IsMeleeProof>true</IsMeleeProof>
			<IsOnlyDamagedByPlayer>false</IsOnlyDamagedByPlayer>
			<PositionRotation>
				<X>-1632.91321</X>
				<Y>-2976.71118</Y>
				<Z>13.1280613</Z>
				<Pitch>1.24863768</Pitch>
				<Roll>-15.0174828</Roll>
				<Yaw>-119.824394</Yaw>
			</PositionRotation>
			<Attachment isAttached="true">
				<AttachedTo>136218</AttachedTo>
				<BoneIndex>0</BoneIndex>
				<X>-0.0999999866</X>
				<Y>0.149999976</Y>
				<Z>-0.270000011</Z>
				<Pitch>0</Pitch>
				<Roll>0</Roll>
				<Yaw>0</Yaw>
			</Attachment>
		</Attachment>
		<Attachment>
			<ModelHash>0x98ee1acd</ModelHash>
			<Type>3</Type>
			<Dynamic>false</Dynamic>
			<FrozenPos>true</FrozenPos>
			<HashName>prop_cs_hotdog_01</HashName>
			<InitialHandle>66400</InitialHandle>
			<ObjectProperties>
				<TextureVariation>0</TextureVariation>
			</ObjectProperties>
			<OpacityLevel>255</OpacityLevel>
			<LodDistance>16960</LodDistance>
			<IsVisible>true</IsVisible>
			<MaxHealth>1000</MaxHealth>
			<Health>1000</Health>
			<HasGravity>true</HasGravity>
			<IsOnFire>false</IsOnFire>
			<IsInvincible>true</IsInvincible>
			<IsBulletProof>false</IsBulletProof>
			<IsCollisionProof>false</IsCollisionProof>
			<IsExplosionProof>true</IsExplosionProof>
			<IsFireProof>false</IsFireProof>
			<IsMeleeProof>true</IsMeleeProof>
			<IsOnlyDamagedByPlayer>false</IsOnlyDamagedByPlayer>
			<PositionRotation>
				<X>-1633.2052</X>
				<Y>-2976.85547</Y>
				<Z>13.1966734</Z>
				<Pitch>1.24863768</Pitch>
				<Roll>-15.0174828</Roll>
				<Yaw>-119.824394</Yaw>
			</PositionRotation>
			<Attachment isAttached="true">
				<AttachedTo>136218</AttachedTo>
				<BoneIndex>0</BoneIndex>
				<X>0.180000007</X>
				<Y>-0.0300000142</Y>
				<Z>-0.270000011</Z>
				<Pitch>0</Pitch>
				<Roll>0</Roll>
				<Yaw>0</Yaw>
			</Attachment>
		</Attachment>
		<Attachment>
			<ModelHash>0x98ee1acd</ModelHash>
			<Type>3</Type>
			<Dynamic>false</Dynamic>
			<FrozenPos>true</FrozenPos>
			<HashName>prop_cs_hotdog_01</HashName>
			<InitialHandle>3950</InitialHandle>
			<ObjectProperties>
				<TextureVariation>0</TextureVariation>
			</ObjectProperties>
			<OpacityLevel>255</OpacityLevel>
			<LodDistance>16960</LodDistance>
			<IsVisible>true</IsVisible>
			<MaxHealth>1000</MaxHealth>
			<Health>1000</Health>
			<HasGravity>true</HasGravity>
			<IsOnFire>false</IsOnFire>
			<IsInvincible>true</IsInvincible>
			<IsBulletProof>false</IsBulletProof>
			<IsCollisionProof>false</IsCollisionProof>
			<IsExplosionProof>true</IsExplosionProof>
			<IsFireProof>false</IsFireProof>
			<IsMeleeProof>true</IsMeleeProof>
			<IsOnlyDamagedByPlayer>false</IsOnlyDamagedByPlayer>
			<PositionRotation>
				<X>-1633.03174</X>
				<Y>-2976.95483</Y>
				<Z>13.2010317</Z>
				<Pitch>1.24863768</Pitch>
				<Roll>-15.0174828</Roll>
				<Yaw>-119.824394</Yaw>
			</PositionRotation>
			<Attachment isAttached="true">
				<AttachedTo>136218</AttachedTo>
				<BoneIndex>0</BoneIndex>
				<X>0.180000007</X>
				<Y>0.169999987</Y>
				<Z>-0.270000011</Z>
				<Pitch>0</Pitch>
				<Roll>0</Roll>
				<Yaw>0</Yaw>
			</Attachment>
		</Attachment>
		<Attachment>
			<ModelHash>0x98ee1acd</ModelHash>
			<Type>3</Type>
			<Dynamic>false</Dynamic>
			<FrozenPos>true</FrozenPos>
			<HashName>prop_cs_hotdog_01</HashName>
			<InitialHandle>129855</InitialHandle>
			<ObjectProperties>
				<TextureVariation>0</TextureVariation>
			</ObjectProperties>
			<OpacityLevel>255</OpacityLevel>
			<LodDistance>16960</LodDistance>
			<IsVisible>true</IsVisible>
			<MaxHealth>1000</MaxHealth>
			<Health>1000</Health>
			<HasGravity>true</HasGravity>
			<IsOnFire>false</IsOnFire>
			<IsInvincible>true</IsInvincible>
			<IsBulletProof>false</IsBulletProof>
			<IsCollisionProof>false</IsCollisionProof>
			<IsExplosionProof>true</IsExplosionProof>
			<IsFireProof>false</IsFireProof>
			<IsMeleeProof>true</IsMeleeProof>
			<IsOnlyDamagedByPlayer>false</IsOnlyDamagedByPlayer>
			<PositionRotation>
				<X>-1632.9978</X>
				<Y>-2976.89648</Y>
				<Z>13.1828976</Z>
				<Pitch>1.24863768</Pitch>
				<Roll>-15.0174828</Roll>
				<Yaw>-119.824394</Yaw>
			</PositionRotation>
			<Attachment isAttached="true">
				<AttachedTo>136218</AttachedTo>
				<BoneIndex>0</BoneIndex>
				<X>0.109999985</X>
				<Y>0.169999987</Y>
				<Z>-0.270000011</Z>
				<Pitch>0</Pitch>
				<Roll>0</Roll>
				<Yaw>0</Yaw>
			</Attachment>
		</Attachment>
		<Attachment>
			<ModelHash>0x98ee1acd</ModelHash>
			<Type>3</Type>
			<Dynamic>false</Dynamic>
			<FrozenPos>true</FrozenPos>
			<HashName>prop_cs_hotdog_01</HashName>
			<InitialHandle>147785</InitialHandle>
			<ObjectProperties>
				<TextureVariation>0</TextureVariation>
			</ObjectProperties>
			<OpacityLevel>255</OpacityLevel>
			<LodDistance>16960</LodDistance>
			<IsVisible>true</IsVisible>
			<MaxHealth>1000</MaxHealth>
			<Health>1000</Health>
			<HasGravity>true</HasGravity>
			<IsOnFire>false</IsOnFire>
			<IsInvincible>true</IsInvincible>
			<IsBulletProof>false</IsBulletProof>
			<IsCollisionProof>false</IsCollisionProof>
			<IsExplosionProof>true</IsExplosionProof>
			<IsFireProof>false</IsFireProof>
			<IsMeleeProof>true</IsMeleeProof>
			<IsOnlyDamagedByPlayer>false</IsOnlyDamagedByPlayer>
			<PositionRotation>
				<X>-1633.17126</X>
				<Y>-2976.79688</Y>
				<Z>13.1785393</Z>
				<Pitch>1.24863768</Pitch>
				<Roll>-15.0174828</Roll>
				<Yaw>-119.824394</Yaw>
			</PositionRotation>
			<Attachment isAttached="true">
				<AttachedTo>136218</AttachedTo>
				<BoneIndex>0</BoneIndex>
				<X>0.109999985</X>
				<Y>-0.0300000142</Y>
				<Z>-0.270000011</Z>
				<Pitch>0</Pitch>
				<Roll>0</Roll>
				<Yaw>0</Yaw>
			</Attachment>
		</Attachment>
	</SpoonerAttachments>
</Vehicle>
